name,cpf,age,birthday,address,neighborhood,state
Miguel Leão,509.***.***-32,43.0,1981-09-21,"favela mathias camargo, 599",lajedo,MT
Bruna Porto,963.***.***-96,50.0,1974-06-23,"distrito cunha, 87",carmo,PR
Nicolas Ramos,415.***.***-51,40.0,1984-10-28,"via da mata, 4",manacas,SC
Arthur Sales,034.***.***-05,58.0,1967-10-09,núcleo de freitas,dom silverio,MA
Sr. Davi Luiz Gonçalves,652.***.***-10,27.0,1998-01-06,"núcleo ramos, 47",olhos d'água,AM
Leonardo Caldeira,456.***.***-70,56.0,1969-08-01,"lagoa benicio câmara, 562",vila da luz,ES
Sra. Esther Carvalho,870.***.***-11,49.0,1976-03-16,"praça de cassiano, 80",aparecida,MG
Bianca Albuquerque,530.***.***-56,56.0,1969-08-13,"jardim de albuquerque, 9",vila madre gertrudes 1ª seção,RR
Raquel Jesus,618.***.***-03,55.0,1970-02-17,"aeroporto da paz, 45",vila são gabriel jacui,AC
Jade Souza,382.***.***-22,32.0,1993-02-12,"travessa cecilia moura, 52",acaba mundo,SP
Igor Cavalcanti,519.***.***-41,46.0,1979-12-13,"favela breno barros, 90",maria virgínia,PR
Diogo Pimenta,307.***.***-57,25.0,2000-02-24,"parque arthur gabriel moraes, 36",graça,MA
Srta. Antonella Freitas,967.***.***-93,47.0,1977-12-16,"lago sarah melo, 2",joão alfredo,PI
Luna Silveira,845.***.***-09,39.0,1986-01-25,"jardim lopes, 3",são lucas,AC
Clarice Da Paz,671.***.***-80,60.0,1964-06-24,"parque de sá, 111",aarão reis,TO
Heloísa Da Conceição,093.***.***-32,22.0,2003-10-01,"feira caldeira, 3",dom cabral,PI
Ana Sophia Da Costa,981.***.***-20,45.0,1980-06-14,"travessa câmara, 28",vila nossa senhora do rosário,SP
Diogo Da Luz,478.***.***-50,49.0,1975-07-19,"aeroporto josué guerra, 98",cônego pinheiro 2ª seção,RO
Srta. Laís Oliveira,836.***.***-22,52.0,1973-02-26,"loteamento lima, 76",delta,ES
Cecilia Vargas,429.***.***-70,46.0,1978-07-23,"lagoa sofia rios, 21",salgado filho,RN
Juan Campos,042.***.***-35,45.0,1979-09-19,"área de cardoso, 5",santa branca,GO
Aurora Viana,136.***.***-70,27.0,1998-03-12,"campo de da mata, 670",lagoinha leblon,DF
Theodoro Freitas,079.***.***-03,57.0,1967-08-15,"colônia moreira, 77",itapoa,AP
Olívia Das Neves,852.***.***-71,24.0,2001-04-04,"pátio ravy montenegro, 95",xodo-marize,MS
Melina Novais,451.***.***-70,48.0,1977-02-15,"rodovia brayan da cruz, 44",mala e cuia,RR
Ana Lívia Pimenta,302.***.***-70,50.0,1975-08-10,trecho da luz,vila batik,AC
Carlos Eduardo Pimenta,956.***.***-47,60.0,1964-05-24,"área costa, 632",pilar,GO
Laura Da Costa,675.***.***-00,60.0,1965-08-13,"morro silveira, 679",são jorge 2ª seção,AM
Vicente Souza,965.***.***-28,26.0,1999-03-02,"trevo alana da cunha, 21",jardim guanabara,GO
Léo Carvalho,176.***.***-73,28.0,1997-03-20,"praça laura lima, 704",santa helena,SP
João Pereira,365.***.***-90,22.0,2003-12-07,"avenida de gonçalves, 318",varzea da palma,PA
Davi Luiz Guerra,654.***.***-76,41.0,1984-02-15,"conjunto marcela correia, 6",nova gameleira,PI
Ísis Souza,391.***.***-69,41.0,1983-06-27,"passarela théo correia, 81",vila aeroporto jaraguá,BA
Srta. Yasmin Pastor,832.***.***-60,25.0,2000-09-12,"condomínio fernandes, 598",nazare,PI
Dom Câmara,087.***.***-00,59.0,1966-09-04,"chácara melo, 82",vila nova gameleira 1ª seção,BA
Ana Laura Andrade,219.***.***-64,52.0,1972-06-22,"praça de azevedo, 27",planalto,BA
Srta. Luísa Araújo,562.***.***-21,52.0,1973-10-09,"campo de câmara, 90",novo das industrias,AP
Dr. Thiago Das Neves,875.***.***-08,19.0,2006-12-10,"sítio brito, 609",santa inês,DF
Ravy Costa,521.***.***-08,36.0,1989-04-10,"residencial de macedo, 74",anchieta,BA
Dra. Maria Sophia Gomes,659.***.***-29,55.0,1970-01-07,"viaduto beatriz da mota, 2",são josé,RS
Isabel Garcia,795.***.***-00,19.0,2006-02-23,"largo gomes, 8",são benedito,PB
Rebeca Da Mata,369.***.***-51,32.0,1992-12-17,"área lima, 42",vila oeste,MT
Srta. Mariana Casa Grande,914.***.***-20,32.0,1992-11-23,"viela cauã silveira, 690",novo santa cecilia,RO
Melina Abreu,059.***.***-30,22.0,2003-11-07,"estrada de carvalho, 43",ipiranga,SE
Dante Siqueira,870.***.***-50,24.0,2001-10-10,"estação lunna alves, 9",conjunto celso machado,DF
Brenda Viana,853.***.***-44,45.0,1979-08-20,"pátio thiago peixoto, 16",jardim do vale,MG
Vitor Hugo Camargo,741.***.***-41,35.0,1990-08-05,"jardim guilherme pastor, 7",aarão reis,RS
Dr. Paulo Cirino,427.***.***-80,44.0,1981-08-02,"colônia nathan porto, 662",cardoso,MG
Henry Gabriel Sá,982.***.***-06,29.0,1995-10-30,"via de da rocha, 2",dom cabral,RJ
Srta. Ester Oliveira,613.***.***-10,34.0,1990-10-22,"travessa da rosa, 129",vila santa monica 1ª seção,RJ
Luana Novais,390.***.***-84,54.0,1970-11-30,"parque caroline sales, 695",mineirão,CE
Bianca Fernandes,357.***.***-10,50.0,1975-04-27,"estação da conceição, 582",são josé,AL
João Vitor Sá,394.***.***-24,41.0,1984-09-08,"vila de pires, 31",são joão batista,RN
Srta. Clara Da Rosa,714.***.***-01,18.0,2006-12-22,"recanto luara câmara, 390",taquaril,AC
Lorena Aparecida,268.***.***-58,47.0,1978-03-09,"núcleo maysa aragão, 633",cachoeirinha,PA
Maria Helena Pires,426.***.***-02,47.0,1978-03-19,"favela abreu, 53",vila jardim alvorada,RJ
Melissa Ramos,854.***.***-57,33.0,1991-09-17,"campo de camargo, 98",santa efigênia,RO
Dr. Caio Freitas,964.***.***-80,35.0,1989-09-23,"quadra ana júlia mendes, 330",vila novo são lucas,BA
Esther Casa Grande,192.***.***-55,21.0,2003-05-29,"fazenda ana júlia correia, 661",candelaria,AC
Olivia Viana,647.***.***-56,30.0,1995-06-07,"estação gomes, 11",penha,PR
Emilly Da Paz,960.***.***-58,33.0,1992-12-12,"pátio rezende, 47",fazendinha,PA
Natália Nascimento,283.***.***-31,59.0,1966-03-08,"sítio ayla da conceição, 74",pindura saia,SP
Bryan Borges,246.***.***-20,25.0,1999-08-19,"praça ágatha araújo, 97",carmo,SE
Oliver Freitas,891.***.***-87,38.0,1986-06-15,"trecho cavalcante, 4",vila jardim são josé,TO
Alexandre Azevedo,261.***.***-06,27.0,1998-09-10,"aeroporto de lopes, 92",planalto,AL
Bruno Machado,936.***.***-51,29.0,1996-03-31,"sítio de souza, 37",vila copacabana,AL
Hellena Câmara,538.***.***-02,29.0,1995-11-16,"trevo marcelo casa grande, 10",nova esperança,PR
Nina Nogueira,530.***.***-16,47.0,1977-11-18,travessa guerra,fazendinha,SC
Luiza Rocha,268.***.***-62,34.0,1990-10-22,"praia de correia, 66",conjunto providencia,AM
Ana Vitória Novaes,170.***.***-97,39.0,1986-10-14,trevo bento ribeiro,são francisco das chagas,BA
Sr. Heitor Da Luz,498.***.***-56,32.0,1993-03-01,"setor vieira, 575",jardim guanabara,MG
Henry Pires,348.***.***-20,38.0,1987-02-11,"pátio brito, 33",são jorge 1ª seção,SC
Diego Da Costa,753.***.***-16,40.0,1985-03-03,"campo de da rocha, 51",céu azul,AL
Juan Porto,093.***.***-97,57.0,1968-11-02,"colônia de gonçalves, 70",pindura saia,AC
Levi Das Neves,045.***.***-17,57.0,1967-06-15,"recanto thales camargo, 65",vila independencia 3ª seção,AM
Laura Casa Grande,810.***.***-95,38.0,1987-10-02,"estrada de dias, 58",aparecida 7ª seção,SC
Sra. Bárbara Gonçalves,518.***.***-42,40.0,1985-03-21,"sítio da mota, 31",santa cruz,CE
Srta. Mariah Dias,629.***.***-73,36.0,1988-07-24,"viaduto clarice aparecida, 23",vila betânia,BA
Samuel Macedo,927.***.***-02,35.0,1990-02-10,"jardim matheus cunha, 3",vila mangueiras,MS
Dr. Asafe Guerra,185.***.***-44,32.0,1993-04-26,"viela de mendonça, 24",vila antena,MS
Juliana Silveira,956.***.***-76,46.0,1978-05-27,"morro de duarte, 59",prado,MA
Francisco Cavalcante,945.***.***-98,58.0,1967-10-07,"via camargo, 12",bairro das indústrias ii,CE
Kaique Da Cunha,453.***.***-29,40.0,1985-07-13,"rua rios, 30",custodinha,PA
Elisa Novais,314.***.***-90,35.0,1989-11-17,"recanto isaac carvalho, 3",vila da paz,PR
Pedro Lucas Fonseca,562.***.***-70,43.0,1982-02-13,favela de novaes,vila da luz,ES
Nathan Rios,947.***.***-67,25.0,2000-06-12,fazenda de sá,granja de freitas,RN
Srta. Ana Julia Cavalcante,379.***.***-95,42.0,1983-01-24,"chácara juan nogueira, 10",boa esperança,MA
Maria Helena Porto,764.***.***-20,41.0,1983-09-29,"distrito de sales, 58",vera cruz,AC
Srta. Sarah Nogueira,193.***.***-73,45.0,1980-02-04,"morro de machado, 68",vila canto do sabiá,PI
Eduarda Costa,370.***.***-65,19.0,2006-07-01,"setor porto, 45",copacabana,AP
Sr. João Novaes,971.***.***-28,56.0,1969-11-12,recanto de sampaio,vila primeiro de maio,MA
Carlos Eduardo Vieira,658.***.***-10,55.0,1970-06-08,"viaduto viana, 94",estoril,RO
Ravi Lucca Pereira,974.***.***-32,59.0,1966-01-31,"quadra de melo, 23",flavio de oliveira,SE
Bento Mendes,076.***.***-07,20.0,2005-07-03,"travessa cassiano, 691",fernão dias,PE
Bernardo Monteiro,639.***.***-89,46.0,1979-06-02,"pátio nathan novais, 96",vila bandeirantes,PE
Gabriel Jesus,847.***.***-49,47.0,1978-11-13,"esplanada vitória cunha, 8",santa efigênia,PI
João Guilherme Alves,439.***.***-64,58.0,1966-05-31,"trecho olívia machado, 55",granja de freitas,GO
Alana Costela,590.***.***-52,28.0,1996-05-23,rodovia moreira,vila nossa senhora do rosário,RJ
Julia Cirino,867.***.***-64,22.0,2002-07-23,"recanto guerra, 49",santa rita,RN
Vinicius Fernandes,673.***.***-68,54.0,1971-01-08,praia ana liz nogueira,jardim felicidade,PA
Paulo Monteiro,952.***.***-05,28.0,1997-02-23,setor de porto,são geraldo,PR
Dr. Daniel Leão,302.***.***-60,58.0,1967-05-10,"área de sales, 4",paquetá,RO
Caio Campos,921.***.***-11,44.0,1981-12-14,"travessa sá, 66",conjunto novo dom bosco,MG
Raul Nunes,317.***.***-14,35.0,1989-07-27,"rodovia novaes, 9",vila minaslandia,AC
Antônio Brito,204.***.***-29,38.0,1987-05-10,"lago de da luz, 42",graça,MA
Lívia Da Mata,903.***.***-97,26.0,1999-03-16,"vila de nascimento, 6",vila dos anjos,PB
Juliana Cardoso,165.***.***-64,36.0,1989-04-01,passarela de cardoso,vila independencia 3ª seção,AC
Enrico Gomes,043.***.***-00,43.0,1982-10-05,pátio yan camargo,conjunto santa maria,SE
Samuel Siqueira,042.***.***-69,47.0,1978-01-22,"rodovia emilly cirino, 68",serra do curral,ES
Lunna Silveira,108.***.***-60,34.0,1990-08-24,lagoa da mota,caiçara - adelaide,AM
Ana Vitória Monteiro,580.***.***-76,59.0,1965-07-23,"vale teixeira, 775",marieta 3ª seção,SP
Daniel Oliveira,237.***.***-07,26.0,1999-02-08,"pátio alice da mata, 91",jaraguá,AL
Maria Luísa Das Neves,652.***.***-92,23.0,2001-10-22,"praia cauã viana, 2",renascença,TO
Antonella Nascimento,794.***.***-76,33.0,1991-11-25,"pátio oliveira, 12",bela vitoria,AL
Luiz Felipe Da Cunha,213.***.***-98,35.0,1990-10-11,"esplanada henry gabriel barbosa, 5",vila real 2ª seção,AL
Melissa Vasconcelos,579.***.***-94,33.0,1992-05-14,"jardim cirino, 501",boa união 2ª seção,SP
Dr. João Pimenta,104.***.***-05,30.0,1995-03-24,"trevo rezende, 4",pongelupe,SE
Francisco Rezende,743.***.***-88,26.0,1999-05-02,praia de rodrigues,monte azul,TO
Dr. Luiz Otávio Da Cruz,587.***.***-94,39.0,1986-08-05,"praça das neves, 86",vila madre gertrudes 3ª seção,SC
Renan Nogueira,642.***.***-73,37.0,1987-10-20,"praia luara nunes, 89",conjunto paulo vi,AM
Alana Pires,453.***.***-07,46.0,1978-09-26,"lago raquel duarte, 48",serra,SE
Luiz Fernando Guerra,602.***.***-06,43.0,1982-08-14,"trevo bárbara mendonça, 8",são bento,RS
Sr. Gabriel Vieira,508.***.***-79,21.0,2004-03-04,"núcleo letícia da cruz, 895",jonas veiga,RJ
Gustavo Rodrigues,475.***.***-91,51.0,1974-05-04,"esplanada liam moura, 91",vila formosa,DF
Enzo Peixoto,932.***.***-40,59.0,1965-12-23,"setor fernandes, 46",zilah sposito,MS
Cauã Nogueira,815.***.***-00,51.0,1974-07-12,jardim de sales,vila paquetá,MA
Ester Da Mota,694.***.***-22,20.0,2005-03-08,via de da cruz,mantiqueira,DF
Alana Costa,892.***.***-65,21.0,2003-09-18,"núcleo gustavo henrique da paz, 97",aparecida 7ª seção,RS
Laís Rodrigues,160.***.***-15,32.0,1992-10-28,"trecho théo gomes, 970",vila atila de paiva,PR
Davi Lucca Alves,547.***.***-73,52.0,1972-07-16,"fazenda câmara, 5",jardim felicidade,SC
Sra. Joana Moraes,350.***.***-56,42.0,1983-08-04,loteamento vasconcelos,pedreira padro lopes,SC
Maria Vitória Aragão,172.***.***-07,42.0,1982-06-15,"esplanada ferreira, 46",venda nova,AC
Pietro Sá,389.***.***-30,40.0,1985-02-08,setor ian campos,conjunto celso machado,AL
Luara Pastor,436.***.***-82,51.0,1974-01-15,"distrito de gomes, 1",etelvina carneiro,SP
Daniel Gomes,501.***.***-25,18.0,2006-09-27,"lago de silva, 87",santa margarida,AL
Alice Vargas,325.***.***-08,20.0,2005-11-14,"ladeira diogo vieira, 6",vila barragem santa lúcia,RO
Otávio Macedo,684.***.***-31,22.0,2002-12-31,via de rodrigues,joão alfredo,ES
Sra. Kamilly Albuquerque,190.***.***-12,22.0,2003-03-02,"trevo melo, 8",santa rita de cássia,AP
Heloisa Oliveira,304.***.***-60,23.0,2001-06-19,"distrito thales santos, 95",madri,BA
Carolina Da Luz,217.***.***-13,20.0,2005-06-03,"esplanada costela, 733",vila aeroporto jaraguá,PE
Dr. Gabriel Gomes,351.***.***-28,24.0,2001-02-07,"rua de ribeiro, 254",vila antena montanhês,SC
Agatha Marques,471.***.***-09,61.0,1964-12-05,"aeroporto cavalcanti, 904",unidas,SE
Allana Silveira,234.***.***-33,20.0,2005-02-11,"recanto cardoso, 557",jardim leblon,CE
Otávio Montenegro,314.***.***-48,37.0,1988-10-10,"parque de sampaio, 259",castelo,ES
Carolina Casa Grande,106.***.***-26,55.0,1970-06-05,"largo joão guilherme almeida, 325",castanheira,PI
Clara Sousa,621.***.***-55,33.0,1992-04-12,"rodovia costela, 219",vila jardim montanhes,RR
Vinícius Freitas,056.***.***-77,48.0,1977-04-02,"rua davi miguel ramos, 1",vila são paulo,AC
Maria Luísa Ramos,019.***.***-04,39.0,1986-04-27,"avenida luiz fernando dias, 101",cabana do pai tomás,RS
Antonella Da Mata,782.***.***-50,48.0,1977-04-28,"estrada ayla albuquerque, 907",alta tensão 2ª seção,BA
Paulo Câmara,035.***.***-97,35.0,1990-05-14,morro carvalho,universitário,PE
Beatriz Mendes,053.***.***-80,18.0,2006-06-28,"feira vicente mendonça, 65",vila independencia 1ª seção,AL
Daniela Silva,346.***.***-00,27.0,1998-01-25,"trevo mendes, 77",álvaro camargos,CE
Vitor Gabriel Azevedo,597.***.***-59,27.0,1998-03-19,setor castro,nova gameleira,PI
Srta. Ana Clara Gonçalves,031.***.***-04,35.0,1989-05-16,praia camila silveira,vila ouro minas,ES
Dante Da Conceição,312.***.***-33,23.0,2002-06-10,"via anthony gabriel vieira, 2",aparecida,SC
Maysa Martins,280.***.***-68,51.0,1974-04-17,"quadra davi miguel moraes, 53",casa branca,SC
Felipe Pastor,019.***.***-21,52.0,1973-01-31,"lagoa de cavalcanti, 97",dom bosco,DF
Dr. Francisco Cavalcante,736.***.***-52,25.0,1999-10-30,"viela barros, 56",são josé,GO
Sr. Arthur Miguel Sampaio,250.***.***-08,39.0,1986-01-13,"recanto vitor gabriel garcia, 35",palmares,GO
Nicolas Rios,061.***.***-07,38.0,1986-08-25,"ladeira henrique da paz, 28",aarão reis,PE
Ravi Sá,134.***.***-96,21.0,2003-05-27,"sítio teixeira, 40",conjunto novo dom bosco,ES
Rebeca Guerra,401.***.***-90,58.0,1966-08-17,"chácara maria helena barbosa, 86",grajaú,SC
Ana Beatriz Viana,093.***.***-00,54.0,1971-12-04,"vila henry gabriel gonçalves, 89",jardinópolis,AM
Erick Cardoso,732.***.***-47,53.0,1972-04-28,"colônia azevedo, 8",goiania,RS
Giovanna Moura,498.***.***-47,26.0,1999-05-09,"loteamento lucas gabriel oliveira, 8",grotinha,PE
Nicolas Monteiro,803.***.***-95,32.0,1993-01-14,"jardim de correia, 80",primeiro de maio,RR
Otto Da Rosa,908.***.***-01,26.0,1999-09-07,"pátio daniela campos, 36",novo santa cecilia,PR
Theodoro Vieira,820.***.***-33,52.0,1973-10-06,"núcleo thiago nunes, 20",caetano furquim,PR
Mateus Da Mota,431.***.***-28,25.0,1999-10-29,avenida sales,santa inês,RJ
Joaquim Da Mata,456.***.***-82,54.0,1971-07-06,"avenida da cunha, 48",vila vista alegre,GO
Francisco Pimenta,251.***.***-35,20.0,2005-09-02,"parque alves, 71",conjunto floramar,BA
Luiza Aparecida,742.***.***-29,22.0,2003-01-29,"largo de fonseca, 89",são sebastião,ES
Ian Vasconcelos,420.***.***-49,41.0,1983-10-26,"lago de da rocha, 4",esperança,MT
Eloah Câmara,026.***.***-10,46.0,1979-01-28,"sítio cassiano, 114",nossa senhora aparecida,RS
Isabel Cassiano,981.***.***-40,21.0,2004-05-13,"alameda pedro henrique peixoto, 89",lagoinha,SP
João Vitor Nunes,890.***.***-58,59.0,1966-05-04,"estação de carvalho, 69",novo tupi,AC
Maria Clara Costa,187.***.***-03,25.0,2000-01-03,"vale benicio almeida, 1",vila nova,RS
Léo Almeida,917.***.***-58,59.0,1966-02-07,aeroporto de macedo,serrano,BA
Maitê Jesus,365.***.***-29,28.0,1997-12-07,"loteamento gonçalves, 44",vila independencia 2ª seção,ES
Paulo Barros,290.***.***-21,18.0,2006-08-16,"estrada joana costela, 61",tirol,MG
Paulo Jesus,925.***.***-65,18.0,2006-06-29,rodovia liam castro,salgado filho,AL
Antonella Cassiano,851.***.***-12,56.0,1968-09-18,"praia nina siqueira, 47",são cristóvão,MG
Júlia Farias,483.***.***-88,43.0,1981-12-18,alameda sophia aparecida,belmonte,DF
Alana Vasconcelos,649.***.***-03,20.0,2005-09-14,"lago araújo, 75",jardim atlântico,RJ
Lívia Aparecida,142.***.***-96,57.0,1968-02-15,"jardim de da mata, 99",granja werneck,RJ
Maria Clara Castro,674.***.***-80,20.0,2005-03-05,"praça emanuella abreu, 82",cinquentenário,ES
Ana Azevedo,617.***.***-34,28.0,1997-12-08,"vila da rocha, 42",alípio de melo,SP
Kamilly Almeida,529.***.***-43,19.0,2005-09-25,"viela bryan da luz, 6",vila rica,PA
Danilo Melo,145.***.***-97,54.0,1971-02-09,"praça luiz otávio dias, 258",paulo vi,MA
Nicolas Gomes,105.***.***-97,18.0,2007-04-16,"viaduto antonella nunes, 797",santa maria,SP
Eloá Lopes,319.***.***-03,52.0,1972-12-17,"vereda isaque pastor, 7",aeroporto,DF
Rhavi Araújo,897.***.***-73,50.0,1975-08-04,"residencial de andrade, 3",são damião,PI
Dra. Maria Cecília Borges,946.***.***-93,23.0,2002-12-14,aeroporto de martins,conjunto jatoba,SP
Maitê Da Mota,948.***.***-78,57.0,1968-12-14,"via cunha, 49",mantiqueira,RJ
Bernardo Fonseca,098.***.***-59,23.0,2002-12-08,"viaduto silva, 39",oeste,MS
Helena Oliveira,418.***.***-09,36.0,1989-09-11,"trevo de silveira, 37",funcionários,RO
Vinicius Correia,817.***.***-57,28.0,1997-04-23,"via silva, 57",aarão reis,MT
Henry Gabriel Peixoto,280.***.***-10,57.0,1967-09-28,"colônia maria eduarda barbosa, 5",grajaú,RS
Levi Carvalho,035.***.***-51,52.0,1973-03-21,"via manuella silveira, 89",buraco quente,PI
Bento Rios,195.***.***-01,47.0,1978-02-27,"esplanada marcelo brito, 83",vila bandeirantes,RR
Ester Oliveira,794.***.***-70,38.0,1987-09-10,"condomínio de macedo, 127",parque são pedro,AP
Dra. Maria Júlia Viana,809.***.***-02,43.0,1981-08-18,"alameda cassiano, 73",nossa senhora da aparecida,AP
Clarice Souza,147.***.***-52,30.0,1995-02-02,"parque brito, 71",primeiro de maio,PE
Olívia Da Conceição,641.***.***-28,20.0,2005-06-08,"recanto casa grande, 26",mirtes,MT
Davi Miguel Da Rosa,735.***.***-00,43.0,1981-09-22,"loteamento ana sophia das neves, 39",são gonçalo,SP
Mateus Ferreira,192.***.***-43,52.0,1973-05-09,"viela de da rocha, 64",brasil industrial,MG
Camila Da Conceição,608.***.***-66,57.0,1968-07-04,"aeroporto brayan teixeira, 276",novo aarão reis,CE
Joana Nascimento,275.***.***-83,25.0,1999-11-18,morro de cavalcanti,vila mantiqueira,PB
Eduardo Sales,372.***.***-40,49.0,1975-11-24,"rodovia joão pedro da conceição, 68",alta tensão 2ª seção,TO
José Pedro Da Conceição,981.***.***-24,36.0,1989-02-09,"esplanada da cruz, 553",coração eucarístico,RS
Caleb Andrade,431.***.***-96,40.0,1985-02-24,"estrada elisa cirino, 6",santa rita,GO
Rodrigo Mendes,517.***.***-62,51.0,1974-09-12,"travessa nogueira, 255",santa margarida,PR
Brenda Martins,731.***.***-64,44.0,1981-02-05,"jardim gomes, 64",vila batik,SC
Luiz Henrique Caldeira,254.***.***-43,50.0,1975-01-30,"vereda rios, 82",bonfim,RN
Cecília Da Cruz,795.***.***-01,52.0,1972-11-22,"trevo abreu, 81",vila minaslandia,RR
Paulo Câmara,130.***.***-90,47.0,1978-12-04,trecho de mendonça,independência,RR
Hellena Almeida,190.***.***-49,48.0,1977-03-31,"trecho fernandes, 38",vila jardim são josé,AM
Gabriela Pastor,310.***.***-22,56.0,1969-12-02,"aeroporto ester sampaio, 18",pindura saia,AM
Valentim Aragão,391.***.***-66,54.0,1971-07-02,"vila de casa grande, 30",leonina,PE
Eduardo Garcia,354.***.***-43,27.0,1997-05-17,"feira da conceição, 80",parque são josé,RS
Ian Da Luz,942.***.***-14,33.0,1991-12-15,"condomínio luiz felipe da luz, 54",conjunto califórnia i,SC
Apollo Abreu,146.***.***-48,53.0,1972-05-09,"vereda cavalcante, 58",boa viagem,BA
Mirella Sales,516.***.***-02,45.0,1980-12-09,chácara de araújo,maria virgínia,GO
João Pedro Pastor,176.***.***-46,38.0,1987-12-04,"pátio thiago souza, 94",vila antena montanhês,AC
Ravi Lucca Albuquerque,512.***.***-20,60.0,1964-11-16,"colônia de leão, 3",vera cruz,MA
Benicio Lima,237.***.***-37,19.0,2006-04-17,"estrada nina martins, 4",serra verde,AP
Bento Pinto,806.***.***-67,55.0,1969-12-23,"campo davi lucas moraes, 8",jardim dos comerciarios,PB
Sabrina Pacheco,582.***.***-41,33.0,1992-04-20,pátio ribeiro,vila real 2ª seção,CE
Gustavo Melo,296.***.***-20,54.0,1970-11-28,"setor davi miguel mendes, 82",vila aeroporto jaraguá,PE
Pietro Pires,742.***.***-55,60.0,1964-12-18,rodovia guerra,beira linha,MA
Isabella Albuquerque,740.***.***-75,21.0,2004-02-01,"vereda de barbosa, 3",vila nova cachoeirinha 2ª seção,SC
Evelyn Teixeira,628.***.***-38,56.0,1969-05-03,"loteamento cunha, 43",são jorge 2ª seção,AP
Catarina Abreu,697.***.***-80,54.0,1971-01-15,"estação costa, 827",eymard,RS
Raul Cirino,607.***.***-74,24.0,2000-07-30,"trecho de sá, 67",vila madre gertrudes 2ª seção,RN
Sra. Mariana Monteiro,075.***.***-57,26.0,1998-11-27,"distrito da luz, 8",santo antônio,MA
Juan Correia,908.***.***-95,48.0,1976-12-25,"esplanada mathias viana, 24",horto florestal,MS
José Pedro Rodrigues,956.***.***-28,42.0,1983-02-21,"praça laís cunha, 29",conjunto novo dom bosco,PE
Beatriz Novaes,540.***.***-58,48.0,1976-06-28,"parque de dias, 39",vila calafate,PA
Bryan Albuquerque,651.***.***-28,27.0,1997-12-30,"alameda de aragão, 9",vila piratininga,PE
Beatriz Sales,354.***.***-47,31.0,1993-10-27,"trecho de cavalcanti, 20",chácara leonina,PI
João Pedro Carvalho,413.***.***-91,53.0,1971-06-27,"rua marina melo, 85",vila sesc,PI
João Gabriel Duarte,723.***.***-65,46.0,1979-11-13,"núcleo martins, 92",custodinha,AM
Noah Pacheco,357.***.***-19,55.0,1970-03-18,"núcleo de andrade, 47",granja de freitas,AL
Gael Freitas,495.***.***-60,21.0,2004-02-25,"ladeira daniela oliveira, 8",vila formosa,CE
Mariane Gomes,132.***.***-04,42.0,1983-04-20,"sítio machado, 841",castanheira,SE
Dr. Guilherme Azevedo,653.***.***-28,58.0,1967-08-13,"pátio ana carolina sousa, 9",flavio marques lisboa,DF
Ísis Siqueira,541.***.***-28,47.0,1977-05-22,"esplanada daniela ramos, 9",pindorama,RS
Juan Novaes,047.***.***-83,35.0,1990-04-18,"trevo jesus, 53",vila dos anjos,RJ
Milena Da Cunha,149.***.***-75,28.0,1997-02-12,"jardim albuquerque, 68",europa,PB
Gabriela Costa,507.***.***-12,20.0,2005-07-11,"quadra pedro lucas ribeiro, 2",piraja,SC
Danilo Da Rocha,546.***.***-09,40.0,1984-07-28,"aeroporto noah pereira, 1",lorena,MA
Ian Da Conceição,071.***.***-88,50.0,1975-09-09,"setor azevedo, 3",brasil industrial,ES
Dra. Agatha Barros,084.***.***-40,49.0,1976-04-05,"rodovia de abreu, 13",sion,MA
Dr. Luiz Felipe Marques,815.***.***-95,54.0,1970-06-24,"recanto fonseca, 73",santa efigênia,MG
Sr. João Felipe Azevedo,321.***.***-43,52.0,1972-05-23,"parque de nascimento, 69",pousada santo antonio,CE
Eloá Pereira,567.***.***-25,42.0,1983-03-15,"lagoa de pinto, 47",colégio batista,RR
Theo Martins,126.***.***-89,44.0,1981-06-05,"via lara souza, 2",centro,SE
Laís Sousa,980.***.***-40,35.0,1990-08-09,viela martins,vila são gabriel jacui,MT
Mirella Cirino,071.***.***-80,35.0,1990-08-07,"estação juan oliveira, 16",vila nova gameleira 1ª seção,PI
Paulo Sá,809.***.***-77,19.0,2005-11-22,"aeroporto costela, 499",esplanada,RS
Isabella Silva,687.***.***-94,54.0,1971-09-03,"sítio sá, 2",vila califórnia,MG
Dra. Maya Duarte,170.***.***-79,21.0,2004-03-21,"lagoa diego gomes, 535",bacurau,AM
Nicolas Mendes,802.***.***-17,21.0,2004-03-09,"largo maya campos, 3",vila mangueiras,MG
Maria Alice Fogaça,615.***.***-55,48.0,1977-09-12,"residencial lima, 22",piraja,RO
Camila Aragão,827.***.***-20,55.0,1970-06-10,"feira de pinto, 9",pantanal,PE
Hadassa Pastor,389.***.***-91,27.0,1998-06-10,"trecho de leão, 74",anchieta,MT
Dr. Davi Casa Grande,692.***.***-51,57.0,1968-06-08,conjunto gabriela brito,vila santo antônio barroquinha,PE
Vitória Novaes,271.***.***-44,59.0,1965-08-30,"quadra valentim da rocha, 44",vila olhos d'água,PR
Mariane Alves,584.***.***-79,22.0,2003-02-13,"quadra hadassa sousa, 95",vila pilar,MG
Daniela Almeida,271.***.***-11,48.0,1977-11-01,"jardim de sá, 77",ápia,AP
Beatriz Correia,285.***.***-90,32.0,1992-08-26,"núcleo de peixoto, 17",vila dos anjos,PR
Matheus Ribeiro,247.***.***-17,41.0,1984-04-30,setor pinto,vila santo antônio barroquinha,RO
Clara Da Rosa,846.***.***-44,23.0,2001-11-15,"jardim freitas, 566",prado,PE
Sophie Ribeiro,867.***.***-65,50.0,1975-07-06,"distrito davi lucca sousa, 44",sion,GO
Dr. Daniel Leão,136.***.***-03,42.0,1982-10-26,"núcleo andrade, 1",barro preto,MS
André Ribeiro,081.***.***-84,27.0,1998-04-11,"loteamento de da rosa, 32",são bernardo,MG
Luiz Otávio Siqueira,846.***.***-51,39.0,1986-06-04,loteamento de das neves,pindorama,SE
Lucca Câmara,247.***.***-97,47.0,1978-04-15,"distrito da paz, 88",novo tupi,DF
Sr. Vicente Pacheco,380.***.***-56,51.0,1974-04-12,"vereda lunna montenegro, 37",vila são paulo,AP
Josué Costa,654.***.***-91,39.0,1985-05-26,"lago camila farias, 19",outro,CE
André Da Costa,043.***.***-29,35.0,1989-11-21,"distrito macedo, 28",vila maloca,PI
Vinicius Correia,830.***.***-78,23.0,2001-09-21,passarela de araújo,caiçara - adelaide,RS
Dr. Gael Henrique Pereira,701.***.***-75,50.0,1975-04-11,"chácara rios, 6",leticia,RR
Bella Cunha,679.***.***-00,58.0,1967-07-09,"estrada de camargo, 96",bandeirantes,PB
Rodrigo Peixoto,485.***.***-91,49.0,1976-02-29,"alameda de cavalcante, 50",céu azul,DF
Caleb Martins,659.***.***-43,38.0,1987-07-10,"residencial de cassiano, 65",campo alegre,RS
Dr. Valentim Caldeira,942.***.***-82,44.0,1981-09-12,"viela de porto, 70",itaipu,RO
Luiz Miguel Macedo,673.***.***-68,58.0,1966-06-20,"estrada maria fernanda nascimento, 46",custodinha,AC
Ana Moraes,095.***.***-42,26.0,1999-04-15,estação de fernandes,santa inês,RJ
Davi Lucas Cardoso,361.***.***-37,43.0,1982-05-01,"núcleo souza, 50",nova pampulha,RO
Calebe Casa Grande,042.***.***-06,23.0,2002-07-13,"favela de leão, 4",oeste,ES
Isabella Cassiano,578.***.***-02,35.0,1990-12-13,"recanto de nogueira, 88",coração de jesus,RO
Mirella Lima,409.***.***-14,21.0,2003-08-28,"praça gonçalves, 5",saudade,GO
Samuel Pinto,409.***.***-25,21.0,2004-10-02,passarela de macedo,novo tupi,PE
João Pedro Pereira,936.***.***-70,37.0,1987-12-26,"vila de barros, 707",união,MA
Antony Mendonça,129.***.***-52,22.0,2003-02-10,"área santos, 254",jardim dos comerciarios,RO
Srta. Maria Laura Da Conceição,935.***.***-70,60.0,1964-10-18,colônia de pires,luxemburgo,MT
Alana Guerra,329.***.***-06,19.0,2006-04-05,"ladeira de novaes, 9",tupi b,RN
Caleb Teixeira,579.***.***-46,23.0,2001-08-18,"vale ribeiro, 57",santa rita,RO
Alícia Moreira,236.***.***-86,46.0,1978-11-21,"vale melo, 30",marieta 1ª seção,BA
Ana Cecília Moraes,078.***.***-62,39.0,1985-08-16,"trevo agatha melo, 56",são francisco das chagas,CE
Ravi Fernandes,562.***.***-09,35.0,1989-11-23,"núcleo zoe da cruz, 445",mineirão,RN
Luiz Otávio Camargo,258.***.***-14,58.0,1966-07-20,"avenida maria julia albuquerque, 1",bairro das indústrias ii,CE
Larissa Fogaça,578.***.***-94,56.0,1969-02-10,"setor mendes, 27",nossa senhora da conceição,AC
Benjamim Da Mota,607.***.***-69,56.0,1969-03-15,"parque ana lívia borges, 744",biquinhas,PE
Sr. João Lucas Nogueira,452.***.***-37,56.0,1969-10-07,"viela maria liz nascimento, 32",engenho nogueira,PB
Benjamin Guerra,852.***.***-28,59.0,1966-03-10,"sítio nascimento, 98",novo santa cecilia,PI
Liz Guerra,432.***.***-60,22.0,2003-01-23,estrada cauã ribeiro,vila maria,SE
Srta. Isadora Gonçalves,532.***.***-53,39.0,1985-07-29,"rua lima, 60",jardim atlântico,MG
Maria Liz Leão,730.***.***-04,25.0,1999-09-25,"alameda heloísa vargas, 5",beija flor,DF
Luiz Fernando Câmara,094.***.***-40,26.0,1998-06-18,"residencial de monteiro, 22",vila copacabana,RR
Theodoro Pinto,586.***.***-90,59.0,1965-07-23,"travessa ravy da rosa, 679",guarani,AM
Dr. Kaique Dias,561.***.***-61,41.0,1983-08-17,"viaduto de nogueira, 558",aparecida,MT
Dr. Davi Vargas,823.***.***-82,55.0,1969-12-29,"vale de costa, 64",bacurau,MG
Heloisa Das Neves,648.***.***-04,20.0,2005-02-01,colônia peixoto,santa helena,AP
Nicole Da Mota,632.***.***-92,37.0,1988-05-07,"aeroporto eduardo viana, 83",sagrada família,PE
Alice Ramos,084.***.***-88,50.0,1974-11-30,rua gustavo henrique peixoto,vila fumec,TO
Eloah Pires,801.***.***-50,33.0,1991-08-17,"favela ribeiro, 6",nova floresta,RN
Fernando Fonseca,437.***.***-00,38.0,1987-01-30,"viaduto sara novaes, 93",suzana,AP
Maria Laura Araújo,347.***.***-91,45.0,1980-06-10,"feira da mata, 85",alta tensão 1ª seção,PB
Daniel Leão,276.***.***-43,20.0,2005-02-08,"estação pietro moreira, 11",jardim atlântico,AL
Mathias Da Mota,832.***.***-40,58.0,1967-03-14,chácara pietra sá,outro,BA
Melina Almeida,832.***.***-30,45.0,1980-04-23,"alameda mathias mendonça, 8",vila jardim alvorada,MT
Leandro Santos,057.***.***-88,25.0,2000-02-20,"favela cardoso, 132",vila independencia 3ª seção,AL
Sra. Isabelly Sá,519.***.***-11,50.0,1975-12-13,"setor vargas, 345",planalto,CE
Ana Carolina Abreu,013.***.***-70,27.0,1997-12-21,"sítio silveira, 21",novo santa cecilia,SP
Srta. Amanda Cirino,654.***.***-71,23.0,2002-01-14,setor sá,delta,MA
Sra. Amanda Camargo,504.***.***-00,34.0,1991-07-02,"rua de cassiano, 12",aguas claras,MA
Sra. Isadora Moura,418.***.***-85,24.0,2001-09-02,"estação nogueira, 59",caetano furquim,RJ
Maria Fernanda Costela,741.***.***-49,57.0,1968-02-27,"vereda de abreu, 99",vila bandeirantes,RJ
Lara Pires,794.***.***-00,43.0,1982-03-02,"esplanada almeida, 59",bairro das indústrias ii,MG
Rodrigo Câmara,041.***.***-96,26.0,1998-07-15,"trecho silveira, 77",piraja,PB
Rafaela Casa Grande,806.***.***-12,54.0,1971-11-04,"estrada de leão, 65",são benedito,MA
Sr. Apollo Mendes,408.***.***-00,56.0,1969-01-08,"pátio de fogaça, 652",esplanada,PI
Zoe Pastor,427.***.***-19,30.0,1995-03-21,"trevo de nunes, 152",nova esperança,MG
Raquel Pastor,348.***.***-90,29.0,1996-03-12,"estação fernandes, 37",das industrias i,MS
Clara Marques,315.***.***-33,56.0,1969-02-10,"estação lunna casa grande, 12",betânia,ES
Emanuel Costa,162.***.***-50,56.0,1968-07-20,"colônia monteiro, 86",califórnia,AL
Lavínia Nascimento,024.***.***-92,33.0,1992-10-03,"praça de abreu, 113",itatiaia,AP
Davi Lucas Pinto,250.***.***-30,26.0,1999-11-11,viaduto vargas,dom joaquim,SE
Thiago Vasconcelos,409.***.***-94,53.0,1971-07-17,"viaduto de machado, 7",são joão batista,SP
Ana Sophia Montenegro,746.***.***-19,19.0,2006-10-12,"setor de cunha, 97",vista do sol,BA
Arthur Gabriel Freitas,367.***.***-17,23.0,2002-09-07,"setor maria julia cavalcante, 89",conjunto minas caixa,PA
Mariana Da Costa,413.***.***-50,53.0,1971-07-20,"estrada yuri abreu, 23",santa helena,BA
Srta. Luara Campos,489.***.***-70,51.0,1974-02-15,"vale de novaes, 49",conjunto bonsucesso,TO
Clarice Fernandes,975.***.***-06,37.0,1988-06-13,"loteamento cauã gomes, 30",são francisco,TO
Luigi Da Cruz,189.***.***-10,28.0,1997-01-21,"via de pimenta, 50",vila são francisco,BA
Luiz Henrique Carvalho,629.***.***-94,28.0,1997-05-05,"rua brenda borges, 27",são sebastião,BA
Ian Pereira,860.***.***-66,53.0,1972-10-08,"rodovia da mota, 45",mariquinhas,DF
Felipe Brito,243.***.***-06,29.0,1996-12-09,"vale santos, 976",vila inestan,PI
Camila Cunha,817.***.***-30,40.0,1985-01-14,"trevo nunes, 16",barão homem de melo 1ª seção,SP
Laura Ribeiro,673.***.***-56,26.0,1999-02-10,"setor otto duarte, 51",cônego pinheiro 2ª seção,AM
Pietra Da Cruz,384.***.***-97,47.0,1977-12-22,"viela de monteiro, 62",paquetá,PR
Sofia Oliveira,107.***.***-40,48.0,1977-04-27,"rodovia de silva, 760",concórdia,PI
Liam Azevedo,278.***.***-77,53.0,1971-05-30,"distrito vitor cardoso, 26",copacabana,BA
Srta. Lunna Da Costa,714.***.***-58,51.0,1973-11-22,colônia de fonseca,ouro minas,RS
Calebe Da Mata,164.***.***-26,52.0,1973-10-13,"praça de pinto, 66",universo,AL
Yuri Alves,631.***.***-24,22.0,2002-12-31,vale de vasconcelos,vila sumaré,DF
Liam Cassiano,379.***.***-20,61.0,1964-11-02,residencial maria vitória marques,vila novo são lucas,RS
Henry Gabriel Gonçalves,965.***.***-01,44.0,1981-01-21,"recanto de marques, 89",marieta 2ª seção,MS
Sr. Anthony Fernandes,175.***.***-48,53.0,1972-09-12,"lagoa de oliveira, 242",cdi jatoba,AL
Bianca Dias,598.***.***-06,35.0,1989-08-15,"vereda de da mota, 5",vila nova gameleira 2ª seção,RJ
Júlia Duarte,425.***.***-00,25.0,2000-01-20,"esplanada de souza, 6",conjunto serra verde,SP
Arthur Gabriel Vargas,614.***.***-70,52.0,1972-06-22,"trevo hadassa da conceição, 900",pilar,MS
Francisco Santos,076.***.***-00,27.0,1998-09-13,"conjunto novais, 73",jatobá,PR
Ravi Fernandes,746.***.***-40,21.0,2004-12-12,"distrito bryan gonçalves, 634",vila santo antônio barroquinha,PI
Dr. Davi Alves,386.***.***-29,60.0,1965-03-17,"viela de da cruz, 750",conjunto jardim filadélfia,MA
Davi Lucas Novaes,305.***.***-24,46.0,1979-03-20,"sítio melo, 332",tiradentes,RO
Vitória Freitas,095.***.***-24,53.0,1971-12-24,praia de araújo,grajaú,AP
Maria Julia Correia,749.***.***-92,34.0,1991-02-08,"residencial abreu, 75",vila bandeirantes,RN
Miguel Correia,590.***.***-05,52.0,1972-09-26,"passarela pimenta, 23",castelo,RO
José Cardoso,695.***.***-38,42.0,1982-07-18,"vila bento novais, 12",vila jardim leblon,MT
Agatha Da Paz,839.***.***-10,26.0,1999-01-03,"avenida samuel fogaça, 14",vila ipiranga,MG
Joaquim Cunha,539.***.***-79,60.0,1965-04-04,"chácara da luz, 19",novo santa cecilia,MG
Manuela Porto,480.***.***-14,42.0,1983-09-01,"jardim araújo, 67",teixeira dias,PE
Dra. Pietra Da Costa,143.***.***-84,58.0,1967-04-22,"recanto caio nogueira, 399",floramar,MS
Antony Sá,341.***.***-90,47.0,1978-05-12,"rua danilo cavalcante, 64",cardoso,RS
Ana Cecília Silveira,804.***.***-22,32.0,1993-01-21,"fazenda cardoso, 69",carmo,SP
Pedro Lucas Câmara,463.***.***-62,21.0,2004-03-21,"vereda de dias, 6",independência,ES
João Miguel Andrade,342.***.***-52,42.0,1982-11-24,"trecho de costa, 49",cidade jardim,GO
Alexandre Cirino,274.***.***-08,55.0,1970-10-14,"travessa mariane dias, 62",são salvador,RN
Sra. Heloisa Novaes,538.***.***-98,43.0,1981-10-16,"praça ana liz porto, 4",conjunto califórnia i,ES
Ana Vitória Vargas,365.***.***-53,24.0,2001-09-07,"lagoa de andrade, 719",colégio batista,BA
Benicio Da Cruz,261.***.***-76,28.0,1997-02-05,"vale de casa grande, 7",conjunto lagoa,PI
Dra. Nina Lopes,780.***.***-44,29.0,1996-03-17,"trevo de da rocha, 86",conjunto jardim filadélfia,RN
Evelyn Porto,064.***.***-07,34.0,1991-08-05,"condomínio heloísa sá, 445",vila petropolis,PA
Dra. Maria Cecília Da Paz,082.***.***-29,43.0,1982-10-01,fazenda calebe monteiro,araguaia,MA
Oliver Câmara,093.***.***-74,39.0,1985-06-27,"área da cunha, 87",itapoa,MS
Daniela Dias,290.***.***-34,46.0,1979-01-01,"praça de nunes, 27",são pedro,CE
Théo Gonçalves,387.***.***-91,58.0,1967-04-24,"distrito silveira, 86",novo santa cecilia,MA
Liam Machado,875.***.***-14,45.0,1980-01-10,"rua almeida, 40",barro preto,TO
Sra. Cecilia Da Cruz,419.***.***-15,40.0,1984-07-25,"chácara ana júlia nunes, 53",salgado filho,SP
Francisco Silva,837.***.***-96,44.0,1981-03-17,"loteamento rezende, 71",universitário,AP
Dante Freitas,465.***.***-91,26.0,1998-07-27,"via novaes, 1",santa cruz,PB
Isis Sousa,902.***.***-33,61.0,1964-12-06,"loteamento mendonça, 766",olhos d'água,SP
Josué Fernandes,706.***.***-43,18.0,2007-04-27,"quadra rodrigues, 6",vila olhos d'água,DF
Maria Isis Farias,680.***.***-40,34.0,1990-10-24,"aeroporto de vieira, 51",vila união,AM
Lunna Campos,542.***.***-58,53.0,1971-11-15,"sítio de pacheco, 38",vila santa monica 2ª seção,SP
Maria Laura Rocha,081.***.***-50,33.0,1991-05-24,"residencial da rocha, 77",jardim américa,MG
Maria Júlia Sampaio,169.***.***-40,51.0,1974-09-03,vila luiza viana,piratininga,PA
Lavínia Alves,106.***.***-01,50.0,1975-05-12,"área maria alice da cunha, 750",vila nova,RJ
Maria Fernanda Barros,346.***.***-51,19.0,2005-08-17,"viela de fogaça, 94",alto vera cruz,TO
Sr. Yan Abreu,927.***.***-94,32.0,1993-03-09,"conjunto sophia da cruz, 83",taquaril,MG
Sarah Castro,250.***.***-21,31.0,1993-07-24,"vereda de marques, 22",vista do sol,PE
Asafe Melo,429.***.***-34,40.0,1985-08-11,"aeroporto monteiro, 953",santa isabel,MG
Theodoro Barbosa,258.***.***-58,33.0,1992-11-03,"área caio nogueira, 2",monte são josé,RJ
João Guilherme Fonseca,986.***.***-11,61.0,1964-07-06,fazenda correia,são bento,PI
Daniela Camargo,874.***.***-00,28.0,1996-08-27,"chácara da mota, 43",santa amelia,SE
Theodoro Cirino,375.***.***-00,58.0,1967-03-04,campo paulo nascimento,vila das oliveiras,GO
Pietra Vasconcelos,406.***.***-38,47.0,1977-06-28,"distrito henry santos, 6",mariquinhas,PE
Luigi Santos,371.***.***-39,36.0,1988-07-28,"parque laís novais, 51",vila santa monica 1ª seção,AL
Sra. Maria Júlia Aragão,134.***.***-57,52.0,1972-10-22,"avenida moraes, 10",vila esplanada,PI
Sr. Rafael Correia,412.***.***-50,18.0,2006-05-31,"jardim pereira, 19",vila bandeirantes,PA
Eduardo Moreira,713.***.***-43,18.0,2007-04-22,"setor heitor monteiro, 833",vila jardim alvorada,CE
Dra. Maria Liz Andrade,613.***.***-73,21.0,2004-07-03,"jardim da mota, 69",vila são gabriel jacui,PA
Caio Rezende,854.***.***-17,35.0,1989-06-27,viaduto de cardoso,vitoria da conquista,AL
Anthony Gabriel Pacheco,036.***.***-31,33.0,1992-01-15,"colônia breno dias, 76",são marcos,AC
Dr. Thomas Santos,058.***.***-76,25.0,1999-07-28,"chácara de siqueira, 4",boa esperança,MA
Srta. Antonella Araújo,102.***.***-05,42.0,1983-11-14,"praia campos, 68",petropolis,RN
Rhavi Peixoto,530.***.***-95,47.0,1978-09-05,residencial dias,beira linha,PI
Maria Sophia Machado,153.***.***-71,24.0,2000-05-18,"praça liz cassiano, 2",são francisco,PI
Bryan Azevedo,810.***.***-05,57.0,1968-01-15,"morro brito, 60",são jorge 1ª seção,AC
Maria Isis Da Costa,957.***.***-83,32.0,1993-04-05,"conjunto brayan vasconcelos, 43",são joão batista,AM
Antônio Correia,108.***.***-85,60.0,1964-07-30,"loteamento de borges, 79",cabana do pai tomás,GO
Stephany Barros,036.***.***-95,34.0,1991-03-15,"parque de cardoso, 790",cabana do pai tomás,PE
Nathan Das Neves,297.***.***-92,52.0,1973-01-25,"vereda de pereira, 120",delta,TO
Valentina Da Conceição,861.***.***-60,58.0,1966-06-18,"loteamento de carvalho, 69",granja de freitas,RS
Sarah Cavalcante,746.***.***-46,21.0,2004-07-04,"vereda de macedo, 241",vila madre gertrudes 2ª seção,SC
Bryan Costela,562.***.***-06,46.0,1979-08-07,"chácara nogueira, 765",braúnas,PR
Srta. Milena Farias,247.***.***-79,59.0,1966-10-01,"largo zoe costa, 36",novo tupi,PI
Maria Júlia Camargo,632.***.***-80,38.0,1987-11-12,"recanto de fernandes, 489",biquinhas,SP
Rael Leão,863.***.***-24,54.0,1971-03-12,"feira borges, 28",ápia,PB
Ana Luiza Ribeiro,401.***.***-03,38.0,1986-12-31,"trevo ana clara nogueira, 9",delta,PA
Esther Duarte,490.***.***-67,49.0,1976-01-03,"praça yago nascimento, 1",camargos,MS
Vitor Hugo Ferreira,397.***.***-29,22.0,2003-10-07,"viaduto barbosa, 65",vila madre gertrudes 1ª seção,RS
Vitor Montenegro,782.***.***-59,35.0,1990-04-09,"quadra de souza, 3",são geraldo,PI
Ana Lívia Aparecida,386.***.***-10,29.0,1995-09-18,"conjunto eloá câmara, 72",aeroporto,PE
Felipe Campos,026.***.***-51,33.0,1992-06-14,"quadra larissa silveira, 573",são benedito,PB
Apollo Melo,905.***.***-33,32.0,1993-02-24,"vila luigi sampaio, 695",granja werneck,PE
Ravi Lucca Borges,490.***.***-56,35.0,1990-02-21,"ladeira maria luiza da rocha, 70",comiteco,PR
Kaique Da Rosa,125.***.***-37,33.0,1991-07-30,"fazenda leão, 62",copacabana,TO
Sr. Gael Correia,604.***.***-67,41.0,1984-01-05,"quadra de da mota, 4",vila suzana segunda seção,ES
Raul Pacheco,520.***.***-79,33.0,1992-01-24,"estação isis fernandes, 72",lorena,SE
Ester Correia,580.***.***-89,25.0,2000-02-06,"largo caroline costa, 99",novo tupi,PA
Yuri Aragão,054.***.***-53,58.0,1966-07-21,loteamento bianca aragão,goiania,ES
André Pires,962.***.***-87,49.0,1976-09-07,"morro vasconcelos, 91",milionario,PI
Danilo Pacheco,674.***.***-83,19.0,2006-04-11,"passarela de da cruz, 29",joão pinheiro,SE
Jade Da Paz,029.***.***-77,23.0,2002-04-25,"viaduto azevedo, 34",vila novo são lucas,MA
Guilherme Rocha,372.***.***-69,25.0,1999-06-30,"alameda de mendes, 648",jardim américa,PR
Sr. Pedro Henrique Cavalcante,786.***.***-00,27.0,1997-05-27,"quadra de porto, 24",são jorge 3ª seção,MS
Dra. Maria Alice Cavalcanti,471.***.***-60,56.0,1968-07-20,"vale pedro lucas vieira, 6",conjunto califórnia ii,RO
Ravy Cavalcante,216.***.***-73,52.0,1972-11-22,"residencial ravy fernandes, 81",parque são pedro,GO
Thomas Carvalho,687.***.***-80,38.0,1986-05-20,lagoa de abreu,vila santo antônio barroquinha,RS
Elisa Peixoto,704.***.***-23,42.0,1983-02-21,fazenda de siqueira,trevo,MS
Yago Camargo,946.***.***-50,32.0,1992-08-18,"núcleo de costela, 75",vila antena,RS
Luiz Gustavo Rocha,703.***.***-65,40.0,1985-01-21,"vale ester costa, 7",havaí,RJ
Bento Fogaça,632.***.***-68,24.0,2001-06-13,"sítio ravi lucca aparecida, 2",conjunto novo dom bosco,AL
Catarina Peixoto,864.***.***-28,37.0,1987-07-24,jardim luiz miguel gomes,juliana,AM
Sabrina Casa Grande,429.***.***-60,27.0,1998-01-19,"vila liam sampaio, 9",minas caixa,CE
Melissa Rocha,370.***.***-80,42.0,1982-07-22,"setor de machado, 307",calafate,RJ
Maria Eduarda Nunes,601.***.***-31,47.0,1977-08-28,"travessa de melo, 52",vila são dimas,AP
Dr. Cauã Viana,071.***.***-85,41.0,1983-09-24,"residencial das neves, 810",nova floresta,RN
Gabrielly Andrade,701.***.***-94,38.0,1986-07-18,"vila rios, 59",rio branco,AM
Manuella Araújo,905.***.***-89,52.0,1972-12-15,"estrada de vargas, 549",bacurau,PI
Maysa Teixeira,832.***.***-17,48.0,1977-06-05,"vereda de casa grande, 412",vila betânia,RR
Arthur Gabriel Moraes,651.***.***-58,44.0,1980-08-30,"sítio nogueira, 29",suzana,CE
Josué Da Luz,513.***.***-97,53.0,1972-11-07,"chácara mariana pimenta, 918",leticia,PI
Sr. Joaquim Lima,763.***.***-00,37.0,1988-04-14,"setor sophia mendonça, 334",serra verde,DF
Lucca Da Costa,951.***.***-79,24.0,2001-05-13,"vila laís costela, 39",jardim dos comerciarios,PI
Felipe Fogaça,143.***.***-84,57.0,1968-04-22,"lago de oliveira, 2",palmeiras,GO
Srta. Bruna Da Rocha,680.***.***-40,37.0,1988-11-06,"morro de da luz, 4",luxemburgo,AL
Antony Novais,472.***.***-80,61.0,1964-09-07,"condomínio maria luiza teixeira, 613",vila barragem santa lúcia,PA
Caleb Ribeiro,561.***.***-58,36.0,1989-11-05,"travessa bianca lopes, 873",inconfidência,MS
Apollo Rios,563.***.***-83,44.0,1980-05-21,"setor da luz, 42",vila maria,PE
Bryan Gomes,320.***.***-42,47.0,1978-08-10,"estação vasconcelos, 30",vila paraíso,ES
Lucca Casa Grande,213.***.***-51,27.0,1998-01-09,"jardim de sales, 396",pirineus,PB
Emanuel Moura,279.***.***-96,20.0,2004-06-22,"feira laís freitas, 25",luxemburgo,AP
Fernando Almeida,703.***.***-04,53.0,1972-04-26,"residencial de sá, 667",boa união 1ª seção,RS
Esther Ribeiro,439.***.***-31,19.0,2005-05-21,"travessa moreira, 61",vila trinta e um de março,RJ
Bryan Jesus,061.***.***-71,57.0,1968-04-22,"viela arthur santos, 3",conjunto minas caixa,AC
Sra. Lívia Câmara,943.***.***-29,21.0,2004-01-09,"distrito luana farias, 83",pirineus,CE
Luiza Dias,568.***.***-20,50.0,1974-06-24,"travessa de monteiro, 86",itaipu,RN
Pedro Miguel Farias,623.***.***-90,48.0,1976-12-18,"rodovia de alves, 4",vila aeroporto,RJ
Thomas Guerra,802.***.***-74,54.0,1970-10-21,"estrada de dias, 18",conjunto capitão eduardo,AP
Sra. Lavínia Da Cunha,340.***.***-52,57.0,1967-08-24,"distrito souza, 21",paraíso,SP
João Gabriel Da Paz,219.***.***-31,19.0,2005-12-27,"distrito da paz, 88",joão paulo ii,RR
Yuri Sá,690.***.***-03,32.0,1992-10-31,"vila nascimento, 59",vila jardim montanhes,RJ
Anna Liz Melo,784.***.***-96,39.0,1985-07-15,"largo freitas, 10",flamengo,MT
Maria Sophia Moura,905.***.***-88,38.0,1986-11-21,"vale de monteiro, 71",corumbiara,PB
Dom Porto,218.***.***-96,51.0,1974-12-01,"rua camargo, 76",suzana,RO
Thiago Leão,038.***.***-20,58.0,1967-07-05,"esplanada de das neves, 1",vila são gabriel jacui,PI
Camila Moreira,628.***.***-55,34.0,1990-08-25,recanto novaes,paquetá,ES
Lucca Cirino,782.***.***-60,24.0,2000-12-22,chácara de souza,pindorama,MA
Srta. Alexia Pinto,831.***.***-00,25.0,2000-08-14,"quadra da mota, 40",silveira,TO
Raul Da Mata,928.***.***-74,23.0,2002-01-28,"campo rhavi lopes, 37",universo,GO
Ana Lívia Cavalcanti,285.***.***-23,48.0,1976-11-25,"avenida nicole ferreira, 2",beira linha,MS
Caroline Abreu,275.***.***-52,28.0,1996-07-15,"recanto de rodrigues, 20",belvedere,RO
Davi Camargo,617.***.***-01,57.0,1968-12-09,"alameda teixeira, 389",pirineus,AP
Théo Ribeiro,265.***.***-25,54.0,1971-01-18,"núcleo maria luísa novais, 864",vila nova gameleira 2ª seção,RR
Pedro Henrique Moraes,809.***.***-79,21.0,2003-07-18,estrada de silveira,lagoinha,MT
Eduarda Abreu,714.***.***-61,34.0,1991-12-11,campo de dias,conjunto celso machado,PE
Stella Fogaça,932.***.***-80,46.0,1979-06-05,lago de melo,atila de paiva,RO
Zoe Moura,356.***.***-09,51.0,1974-01-30,"lago arthur miguel da luz, 580",saudade,AP
Vinícius Peixoto,168.***.***-66,53.0,1972-08-08,"parque hellena aparecida, 432",araguaia,RN
Cauê Pinto,794.***.***-13,36.0,1989-12-10,"área sá, 83",comiteco,CE
Maya Carvalho,107.***.***-22,19.0,2006-09-11,"vereda vinicius souza, 62",vila independencia 3ª seção,PB
Bryan Moreira,175.***.***-43,22.0,2002-07-26,"rodovia de sousa, 7",vila ipiranga,ES
Júlia Cassiano,658.***.***-01,58.0,1967-08-14,"vereda de rios, 49",vila tirol,GO
Isabelly Correia,165.***.***-53,58.0,1967-03-19,"pátio brito, 28",santana do cafezal,RJ
Caleb Gonçalves,948.***.***-42,43.0,1981-12-19,"esplanada alice moura, 27",vila primeiro de maio,RR
Antonella Martins,345.***.***-37,56.0,1969-10-09,"rua da mata, 85",são bernardo,MG
Sra. Sofia Silva,897.***.***-10,46.0,1978-07-20,"sítio de moura, 29",tiradentes,SC
Isabella Pastor,642.***.***-43,26.0,1999-07-12,"trecho cunha, 3",aarão reis,CE
Aurora Correia,487.***.***-69,33.0,1991-09-22,"feira brenda castro, 22",prado,SP
Hadassa Melo,769.***.***-01,49.0,1976-06-04,"lagoa de campos, 23",independência,AP
Ravi Lucca Farias,851.***.***-21,54.0,1971-09-12,"residencial yan siqueira, 46",morro dos macacos,MA
Sra. Mariah Novaes,016.***.***-99,30.0,1994-10-17,estrada de andrade,esperança,PB
João Felipe Fernandes,298.***.***-33,54.0,1971-04-27,"avenida freitas, 2",diamante,MG
Felipe Costela,260.***.***-47,25.0,2000-06-12,"lago cavalcanti, 354",marieta 2ª seção,GO
Mariane Almeida,239.***.***-09,53.0,1971-05-23,setor garcia,vila esplanada,MG
Luiz Otávio Dias,468.***.***-84,36.0,1988-07-21,"trecho de da cunha, 8",mala e cuia,RR
Cauê Teixeira,183.***.***-88,54.0,1971-08-01,"lago pacheco, 7",vila atila de paiva,PI
Dra. Helena Rodrigues,741.***.***-99,50.0,1975-10-04,"jardim costela, 5",vila da amizade,PR
Isabelly Gomes,069.***.***-39,47.0,1977-12-23,"rua juan nascimento, 13",vila piratininga venda nova,MG
Guilherme Camargo,749.***.***-82,45.0,1980-04-15,"vila monteiro, 51",jardim guanabara,AL
Sr. Juan Barros,189.***.***-24,60.0,1964-05-29,"núcleo de cunha, 739",indaiá,MS
Caleb Pires,548.***.***-02,59.0,1966-07-07,"vila de barros, 75",satelite,CE
Emanuella Cardoso,042.***.***-78,44.0,1981-03-12,"distrito de ribeiro, 314",nova esperança,PB
Sra. Ana Liz Machado,148.***.***-14,31.0,1994-03-10,"favela vicente montenegro, 88",jardim montanhês,PA
Dr. Pietro Guerra,783.***.***-20,34.0,1990-12-23,"lago jesus, 68",santo antônio,PI
Aylla Da Costa,180.***.***-49,30.0,1994-09-22,"condomínio almeida, 47",vila copasa,SP
Leonardo Lopes,759.***.***-23,36.0,1989-03-21,"trevo de pires, 947",centro,PA
Joaquim Duarte,481.***.***-07,25.0,2000-02-03,"lagoa da cunha, 16",vila santa monica 1ª seção,MA
Maria Clara Aragão,471.***.***-80,20.0,2004-08-27,"morro sophie cassiano, 20",céu azul,RO
Juliana Araújo,568.***.***-56,29.0,1995-06-28,"travessa moura, 16",vila são geraldo,SE
Mariane Gomes,036.***.***-03,59.0,1966-07-07,"colônia heloisa da mota, 531",nova granada,RN
Maria Eduarda Correia,526.***.***-02,20.0,2005-03-28,"largo de machado, 4",vila independencia 3ª seção,AP
Matheus Ribeiro,765.***.***-38,54.0,1971-06-09,"fazenda alice lopes, 85",vila batik,ES
Samuel Melo,254.***.***-44,44.0,1981-05-13,núcleo pacheco,serra,RN
Luigi Brito,528.***.***-82,51.0,1974-12-02,"quadra leão, 640",vila atila de paiva,PR
Dr. Benício Cirino,568.***.***-84,35.0,1990-06-12,"favela de sousa, 94",savassi,PA
Julia Da Cunha,928.***.***-77,40.0,1985-10-05,"esplanada moura, 8",boa viagem,RO
Luiza Camargo,965.***.***-19,56.0,1969-01-03,"campo sales, 24",cardoso,AL
Sra. Olívia Da Rosa,835.***.***-53,41.0,1983-07-28,"rua correia, 22",penha,CE
Apollo Montenegro,287.***.***-37,56.0,1968-12-21,"conjunto leão, 21",pindura saia,SP
Ana Carolina Sá,679.***.***-10,53.0,1972-02-27,"passarela mendonça, 81",vila ipiranga,AL
Luiz Fernando Silveira,093.***.***-22,20.0,2005-04-13,"feira esther araújo, 143",sion,AM
Bianca Sá,094.***.***-79,28.0,1997-11-08,"estação de pereira, 63",céu azul,RO
Ester Moreira,726.***.***-43,49.0,1976-12-01,"avenida de gonçalves, 50",vila cloris,PA
Kamilly Câmara,851.***.***-03,50.0,1975-04-02,"trevo costa, 71",vila santo antônio,GO
Lucca Lima,920.***.***-50,47.0,1977-12-21,"alameda pinto, 73",havaí,AM
Maria Laura Viana,486.***.***-29,40.0,1985-01-11,residencial de moraes,centro,SP
Dra. Manuella Ramos,164.***.***-93,31.0,1994-03-21,"rodovia de gomes, 9",serrano,RR
Manuella Aparecida,431.***.***-71,39.0,1986-02-22,"colônia dias, 3",vila da ária,AM
Ester Cavalcanti,530.***.***-39,26.0,1999-01-29,"feira da costa, 88",zilah sposito,DF
Ayla Garcia,984.***.***-04,33.0,1991-10-21,"vila camargo, 209",santa maria,MT
Arthur Gabriel Novais,230.***.***-05,28.0,1996-08-21,"área casa grande, 813",flavio de oliveira,ES
Davi Miguel Cavalcanti,259.***.***-76,38.0,1987-10-11,"pátio de vasconcelos, 21",vila nova,GO
Marcos Vinicius Rezende,958.***.***-29,21.0,2003-12-30,colônia santos,vila vista alegre,GO
Maria Julia Alves,719.***.***-69,38.0,1986-09-25,"conjunto luiz miguel freitas, 21",apolonia,RJ
Luana Viana,768.***.***-47,34.0,1991-09-09,"setor costa, 92",são jorge 2ª seção,MS
Rhavi Brito,618.***.***-49,31.0,1993-11-22,colônia leandro vasconcelos,marmiteiros,DF
Luara Aparecida,956.***.***-29,60.0,1965-01-16,"lago viana, 61",santo antônio,MS
André Pastor,736.***.***-53,49.0,1976-01-28,distrito correia,dom joaquim,RS
Luiz Otávio Casa Grande,380.***.***-03,30.0,1994-07-26,"parque de duarte, 54",santa isabel,AL
Allana Gomes,165.***.***-66,52.0,1973-05-09,"jardim antony cavalcante, 47",caiçara - adelaide,RN
Lunna Cassiano,612.***.***-64,32.0,1993-04-20,residencial de camargo,monte são josé,RR
Sr. Mathias Casa Grande,257.***.***-10,54.0,1971-03-15,"trevo ana cavalcante, 1",nova cintra,AP
Ester Pimenta,403.***.***-92,58.0,1967-01-04,"campo pires, 40",vila batik,MG
Alice Nogueira,461.***.***-25,44.0,1980-06-20,"conjunto arthur miguel rodrigues, 42",califórnia,RN
Kevin Gonçalves,024.***.***-56,19.0,2005-10-25,"loteamento fonseca, 21",monte são josé,ES
Caio Garcia,156.***.***-99,36.0,1989-02-22,"trevo duarte, 2",delta,RO
João Miguel Silveira,974.***.***-31,35.0,1989-08-22,colônia machado,monsenhor messias,AL
Evelyn Marques,387.***.***-53,39.0,1986-02-28,"aeroporto maria helena aparecida, 8",marmiteiros,SE
Mathias Santos,579.***.***-02,31.0,1994-04-20,"trevo luiz gustavo moreira, 5",vila união,AP
Maria Fernanda Moura,849.***.***-82,42.0,1983-02-16,fazenda de mendonça,calafate,AP
Davi Miguel Lopes,056.***.***-00,53.0,1972-02-22,"alameda farias, 55",monsenhor messias,RJ
Diogo Vargas,501.***.***-59,33.0,1991-07-30,rodovia de viana,cidade jardim,RN
Sr. Liam Novaes,380.***.***-05,47.0,1977-10-27,"vila fernandes, 604",nova granada,PB
Laura Rodrigues,561.***.***-12,29.0,1996-07-03,"trecho lima, 3",jardim felicidade,RJ
João Vitor Guerra,794.***.***-58,30.0,1994-06-28,"jardim de moraes, 77",vila de sá,RR
Matteo Aparecida,054.***.***-10,21.0,2003-05-20,"jardim luiz felipe da conceição, 99",vila madre gertrudes 3ª seção,PE
Lara Ferreira,405.***.***-85,42.0,1983-01-27,"largo guerra, 8",jardim leblon,BA
Gael Porto,045.***.***-17,23.0,2002-04-01,"rua davi lucca garcia, 98",vila cemig,PA
Isabella Oliveira,851.***.***-07,59.0,1966-02-03,"estrada araújo, 837",bonsucesso,PB
Lucas Gabriel Costa,516.***.***-25,57.0,1968-05-05,"distrito bella farias, 7",vila mantiqueira,PB
Samuel Macedo,705.***.***-97,25.0,1999-09-24,"lago enrico camargo, 54",guaratã,PE
Cecília Duarte,859.***.***-49,54.0,1971-03-04,"lagoa de vargas, 35",carmo,AP
Hadassa Ramos,713.***.***-70,48.0,1977-08-14,"esplanada bryan farias, 21",são gabriel,TO
Hellena Dias,053.***.***-12,56.0,1968-11-26,"vereda eloah viana, 99",são joão,RJ
Valentim Da Mota,853.***.***-33,20.0,2005-09-07,"vila josué martins, 56",horto,ES
Luiz Miguel Da Cunha,716.***.***-30,27.0,1998-03-15,"passarela rocha, 88",jardim são josé,RJ
Samuel Duarte,957.***.***-66,26.0,1999-02-26,"chácara da paz, 255",nossa senhora de fátima,CE
Isadora Santos,072.***.***-44,26.0,1999-10-03,"pátio rafaela vargas, 6",vila madre gertrudes 3ª seção,MG
Antonella Peixoto,084.***.***-23,54.0,1970-10-29,"estação rafaela garcia, 693",vitoria da conquista,MA
Henrique Leão,792.***.***-03,48.0,1976-10-20,"estrada miguel lima, 2",funcionários,DF
Hadassa Vieira,259.***.***-05,53.0,1972-11-07,"morro costela, 613",beira linha,PE
Dr. Léo Nascimento,058.***.***-77,56.0,1968-05-17,"distrito de santos, 39",vila independencia 1ª seção,TO
Sr. João Vitor Cassiano,086.***.***-66,43.0,1982-08-13,"via de freitas, 305",túnel de ibirité,RO
Bruno Teixeira,821.***.***-00,34.0,1991-04-14,"estação bella barros, 32",pongelupe,DF
Fernando Sales,239.***.***-51,21.0,2003-08-25,"área de da conceição, 14",venda nova,AL
Vitor Castro,912.***.***-50,23.0,2001-05-21,"feira leão, 57",maria virgínia,PB
Camila Pereira,649.***.***-20,19.0,2006-09-02,"aeroporto freitas, 94",acaiaca,MT
Renan Almeida,801.***.***-80,47.0,1978-03-16,largo pinto,ribeiro de abreu,CE
Aurora Silveira,713.***.***-14,43.0,1981-05-26,"distrito de castro, 418",dom silverio,AM
Maria Cecília Montenegro,876.***.***-11,27.0,1998-08-06,"rodovia de casa grande, 72",teixeira dias,AL
Ana Carolina Vargas,531.***.***-86,20.0,2005-08-05,"vereda sales, 421",marçola,MS
Srta. Vitória Pires,793.***.***-10,24.0,2001-01-05,"setor maitê albuquerque, 452",bom jesus,RR
Sr. Rael Sá,263.***.***-12,60.0,1965-04-29,aeroporto joão gabriel da mota,solar do barreiro,TO
Maria Eduarda Nunes,480.***.***-10,51.0,1974-08-11,"distrito gabriela almeida, 4",camponesa 2ª seção,TO
Maria Luísa Gomes,740.***.***-31,60.0,1965-01-08,"recanto fernandes, 854",etelvina carneiro,AP
Paulo Porto,923.***.***-24,33.0,1992-01-19,"estação de vargas, 8",vila nova gameleira 3ª seção,AL
Stella Albuquerque,675.***.***-52,21.0,2003-12-15,"núcleo thiago santos, 79",vila betânia,MG
Ravi Vasconcelos,416.***.***-93,23.0,2001-12-18,"quadra abreu, 29",marilandia,PR
Nicole Albuquerque,657.***.***-57,30.0,1994-10-30,"conjunto lopes, 62",outro,SP
Théo Oliveira,183.***.***-79,60.0,1965-07-04,trecho cardoso,alto barroca,PE
Dante Melo,482.***.***-60,38.0,1987-07-14,"vale raul lopes, 7",ouro minas,PI
Luiz Henrique Cunha,902.***.***-22,51.0,1973-09-19,"travessa maria helena pinto, 5",vila nova gameleira 1ª seção,CE
Isabel Da Cunha,804.***.***-01,58.0,1967-01-08,"via de garcia, 23",aguas claras,RS
Larissa Da Cunha,859.***.***-92,23.0,2002-03-29,"praça fonseca, 52",paquetá,MA
João Felipe Albuquerque,564.***.***-10,26.0,1999-08-08,"lago fernandes, 309",vila madre gertrudes 3ª seção,CE
Dr. Lucca Rodrigues,854.***.***-51,48.0,1977-08-13,conjunto da luz,conjunto paulo vi,AM
Olivia Barros,841.***.***-04,59.0,1966-03-08,"favela de peixoto, 73",vista alegre,SE
Sr. Luiz Otávio Teixeira,176.***.***-87,49.0,1976-04-03,"condomínio ana luiza ferreira, 99",vila satélite,MA
Danilo Costela,507.***.***-85,29.0,1995-10-25,"vereda josé ramos, 8",vila maloca,PE
Alexandre Garcia,468.***.***-67,48.0,1977-11-10,"feira anthony gabriel nascimento, 43",chácara leonina,SP
Luigi Cunha,845.***.***-74,22.0,2003-03-04,"ladeira de ribeiro, 640",santa amelia,RO
Sra. Emilly Ferreira,712.***.***-58,37.0,1987-05-19,campo caroline alves,parque são josé,RO
Júlia Da Rocha,296.***.***-11,52.0,1972-11-25,"favela martins, 8",granja de freitas,PR
Srta. Rafaela Fogaça,503.***.***-71,24.0,2000-06-25,chácara de campos,vila nova,DF
Yan Santos,245.***.***-61,59.0,1966-01-08,"chácara emanuelly barros, 7",alpes,MG
Srta. Evelyn Caldeira,476.***.***-35,50.0,1974-10-15,"distrito sophia pimenta, 82",vila nossa senhora do rosário,DF
Enzo Pires,182.***.***-70,18.0,2006-12-28,"viela brito, 8",itapoa,BA
Luiza Nascimento,804.***.***-23,25.0,2000-04-06,núcleo de araújo,vitoria da conquista,GO
Dom Carvalho,238.***.***-32,34.0,1991-02-27,"avenida vargas, 23",petropolis,PA
Renan Costela,230.***.***-95,42.0,1983-01-30,"avenida abreu, 542",corumbiara,RN
Gael Henrique Garcia,309.***.***-70,23.0,2002-12-03,"favela sabrina brito, 8",pirineus,MS
João Lopes,701.***.***-93,20.0,2004-07-23,"lagoa raul sá, 35",itapoa,RN
Maria Clara Aparecida,543.***.***-10,22.0,2003-06-10,"viaduto joão guilherme das neves, 19",mirante,RO
Maria Sophia Dias,283.***.***-33,37.0,1988-11-06,travessa ferreira,joão paulo ii,MT
Davi Lucca Fernandes,498.***.***-19,39.0,1986-05-11,"colônia nogueira, 89",jardim do vale,MT
Vitória Borges,354.***.***-50,29.0,1996-03-29,lagoa oliveira,vila paris,PA
Agatha Rodrigues,985.***.***-98,45.0,1980-02-04,"vila de nascimento, 619",dom bosco,PA
Maria Eduarda Da Rosa,647.***.***-57,48.0,1976-05-25,"fazenda hadassa aparecida, 54",alto caiçaras,PE
Dr. Gael Souza,986.***.***-03,32.0,1993-07-07,"colônia luiza rezende, 15",monte são josé,ES
Manuela Campos,940.***.***-10,58.0,1966-06-22,"residencial sophia carvalho, 4",granja de freitas,MT
Otávio Da Costa,235.***.***-09,35.0,1990-07-11,"avenida da conceição, 50",tupi a,CE
Isabella Novaes,591.***.***-75,25.0,2000-04-25,"parque vitória cunha, 69",são jorge 3ª seção,RO
Vitor Câmara,258.***.***-90,44.0,1980-12-22,"avenida levi campos, 19",nossa senhora do rosário,RN
Vitor Hugo Rios,185.***.***-05,46.0,1979-11-14,"vale de dias, 3",novo tupi,TO
Leonardo Carvalho,396.***.***-01,48.0,1976-05-25,"chácara de almeida, 1",renascença,AM
Dra. Melissa Albuquerque,320.***.***-74,31.0,1994-01-21,"praia de gomes, 3",vila vista alegre,AM
Sr. Luiz Miguel Azevedo,307.***.***-69,19.0,2006-09-02,"vila de novaes, 203",vila nova gameleira 2ª seção,SP
Luiz Gustavo Freitas,604.***.***-89,49.0,1975-07-22,"chácara ravi lucca aragão, 67",barroca,PE
Sabrina Da Mota,302.***.***-13,59.0,1965-11-25,"chácara maria vitória martins, 4",nova gameleira,CE
Heloisa Duarte,086.***.***-29,45.0,1980-06-08,aeroporto sá,vila califórnia,SE
Antonella Leão,048.***.***-75,35.0,1989-11-21,"rua valentim mendes, 9",lagoinha leblon,RN
Rodrigo Novaes,029.***.***-12,19.0,2005-08-31,"viaduto de machado, 716",santa cruz,RJ
Marcela Araújo,470.***.***-16,45.0,1980-07-07,"via de carvalho, 88",vila pilar,PB
Maria Isis Pereira,039.***.***-60,29.0,1996-03-16,"viela de siqueira, 470",gutierrez,PR
Luigi Carvalho,612.***.***-03,44.0,1981-03-20,"esplanada rodrigues, 86",conjunto capitão eduardo,SP
Pedro Henrique Mendonça,814.***.***-66,49.0,1975-05-17,jardim brito,santa lúcia,AM
Maria Laura Monteiro,458.***.***-83,60.0,1964-11-18,"colônia macedo, 39",vila madre gertrudes 1ª seção,PA
Apollo Fogaça,619.***.***-49,34.0,1990-06-23,"conjunto costela, 971",alpes,PE
Rael Araújo,547.***.***-74,35.0,1990-02-18,"parque cirino, 81",vila havaí,MS
Alícia Freitas,620.***.***-15,34.0,1991-10-10,"chácara de da paz, 676",minas brasil,DF
Manuela Martins,745.***.***-10,41.0,1984-01-06,"chácara maysa monteiro, 3",suzana,BA
Maria Cecília Moreira,380.***.***-74,55.0,1970-06-05,"loteamento de aparecida, 42",floramar,AM
Francisco Aparecida,206.***.***-40,29.0,1996-01-05,"avenida de da rocha, 99",flavio de oliveira,SC
Aylla Mendes,380.***.***-29,38.0,1986-11-27,"largo de pereira, 580",vila rica,DF
Ana Carolina Ramos,784.***.***-32,52.0,1972-05-24,"sítio antônio duarte, 69",alto dos pinheiros,TO
Hadassa Vasconcelos,892.***.***-06,49.0,1975-07-24,"avenida bento andrade, 276",vila nova cachoeirinha 1ª seção,RN
Gustavo Henrique Teixeira,309.***.***-31,40.0,1984-08-17,"vereda emanuella machado, 60",conjunto califórnia i,RR
Yan Silva,697.***.***-00,39.0,1986-07-10,"praia de rodrigues, 35",nossa senhora da conceição,TO
Sr. Rael Pastor,520.***.***-53,27.0,1997-12-20,"estação aragão, 477",monte azul,AP
Augusto Siqueira,120.***.***-06,28.0,1996-06-30,colônia da luz,mariquinhas,PR
Maitê Câmara,825.***.***-07,56.0,1969-04-02,"loteamento ribeiro, 9",vila nova,MA
Francisco Marques,971.***.***-46,31.0,1993-10-28,"setor rodrigues, 82",nazare,RN
Luiza Freitas,298.***.***-96,40.0,1985-12-03,"morro nascimento, 477",marajó,MA
Thales Ramos,506.***.***-95,28.0,1997-10-01,"estrada rezende, 7",itapoa,AL
Caio Dias,215.***.***-79,39.0,1985-05-17,"viela de cirino, 27",palmares,SP
Bernardo Siqueira,308.***.***-01,61.0,1964-10-08,"conjunto ryan guerra, 23",santa lúcia,BA
Yago Silva,760.***.***-38,54.0,1971-08-11,"estrada cauã barbosa, 689",vila são francisco,SP
Dr. Lucas Nunes,710.***.***-30,58.0,1967-02-18,"feira pimenta, 44",vila santo antônio barroquinha,ES
Catarina Dias,086.***.***-49,26.0,1999-03-31,"conjunto cassiano, 71",acaiaca,AL
Theodoro Da Cunha,138.***.***-87,26.0,1999-05-14,"estrada joaquim da mata, 7",santa branca,RN
Maria Julia Novaes,853.***.***-71,45.0,1980-09-14,passarela leão,mirante,RN
Alexia Abreu,159.***.***-01,28.0,1996-08-21,"aeroporto de ferreira, 54",pongelupe,MA
Arthur Leão,190.***.***-30,52.0,1973-03-10,"via vieira, 13",vila canto do sabiá,RJ
Valentina Da Paz,780.***.***-20,58.0,1967-07-01,"colônia vitor lopes, 80",palmares,BA
Juliana Pires,871.***.***-12,21.0,2004-05-12,"colônia vieira, 7",bonfim,PI
Srta. Isabella Fonseca,497.***.***-00,30.0,1995-10-10,"loteamento pedro miguel da mata, 4",piratininga,RR
João Miguel Farias,457.***.***-62,57.0,1968-04-25,"praia de marques, 47",belmonte,PR
Melina Marques,854.***.***-29,29.0,1995-05-18,"passarela azevedo, 82",pilar,AP
Antony Cardoso,924.***.***-32,40.0,1984-11-29,"aeroporto de macedo, 71",granja werneck,SP
Luan Castro,594.***.***-42,47.0,1977-10-25,"rua cavalcanti, 51",vila canto do sabiá,PA
Rafael Duarte,074.***.***-85,20.0,2005-08-03,"lagoa de nunes, 81",barão homem de melo 2ª seção,PR
Brayan Brito,680.***.***-60,46.0,1979-08-14,"aeroporto de da rocha, 407",colégio batista,ES
Marina Pacheco,468.***.***-29,45.0,1980-02-05,"praça de borges, 22",jardim atlântico,PE
Emanuelly Guerra,513.***.***-16,22.0,2003-06-04,"setor benjamin vargas, 4",sagrada família,MA
Arthur Rios,316.***.***-69,59.0,1966-05-12,"campo jesus, 75",maria tereza,SE
Maria Clara Monteiro,894.***.***-24,52.0,1973-05-10,"condomínio de porto, 60",acaba mundo,RN
Leandro Abreu,076.***.***-03,19.0,2006-11-11,"estrada ana costela, 7",monte azul,MT
Ana Laura Teixeira,239.***.***-06,30.0,1994-06-27,"trevo de casa grande, 48",beira linha,BA
Ana Laura Da Costa,975.***.***-77,59.0,1966-12-07,"colônia de da costa, 7",providencia,SE
Lunna Farias,873.***.***-20,20.0,2005-03-10,"distrito jesus, 16",belmonte,RR
Ana Cecília Lima,438.***.***-08,29.0,1996-12-12,vale de freitas,vila coqueiral,MT
Dr. Levi Sampaio,986.***.***-68,50.0,1975-01-31,"travessa nogueira, 75",maria helena,MA
Dr. Cauê Gonçalves,650.***.***-39,36.0,1989-03-12,"viela maria julia castro, 902",pirineus,AP
Srta. Raquel Montenegro,134.***.***-06,25.0,2000-01-20,"vereda monteiro, 81",confisco,CE
Gustavo Ramos,029.***.***-68,31.0,1993-05-19,"condomínio de campos, 528",coração de jesus,AL
Eduarda Borges,423.***.***-47,23.0,2001-11-29,"feira bryan cunha, 61",vila madre gertrudes 3ª seção,AC
Vitor Da Cunha,981.***.***-15,60.0,1964-12-27,"jardim de cassiano, 77",bernadete,MS
Benjamim Melo,840.***.***-04,49.0,1976-12-09,"via leão, 5",novo ouro preto,CE
Ana Laura Alves,865.***.***-15,20.0,2004-05-17,"via bento macedo, 163",ernesto nascimento,AP
Dr. Davi Almeida,829.***.***-03,43.0,1982-11-01,"núcleo de jesus, 2",copacabana,PB
Laura Alves,730.***.***-80,50.0,1975-03-21,"largo de melo, 74",santo antônio,RJ
Aylla Lopes,936.***.***-57,30.0,1994-07-27,"feira peixoto, 96",serra,RN
Vinícius Da Rocha,467.***.***-07,45.0,1980-01-01,núcleo de pimenta,custodinha,SP
Dr. Yago Sousa,681.***.***-00,41.0,1983-05-18,"largo isaque casa grande, 996",são cristóvão,RR
Aurora Sales,506.***.***-12,44.0,1981-11-06,favela alexandre cavalcante,grajaú,MT
Ana Liz Moraes,635.***.***-39,28.0,1996-07-18,"loteamento de casa grande, 62",vila havaí,GO
Laís Cirino,180.***.***-04,24.0,2001-02-10,"setor de sales, 89",aarão reis,GO
Ravi Lucca Vieira,837.***.***-77,46.0,1979-04-30,"praia montenegro, 207",vitoria,MG
Enzo Gabriel Da Mota,517.***.***-91,51.0,1973-05-15,aeroporto de barros,vila fumec,MS
Marcos Vinicius Pires,132.***.***-59,49.0,1976-06-09,"jardim mendes, 60",sion,TO
Davi Miguel Mendonça,761.***.***-99,55.0,1970-01-16,jardim augusto vieira,leticia,ES
Liz Camargo,174.***.***-20,40.0,1984-10-24,"setor isis castro, 876",vila betânia,RR
Ana Carolina Fonseca,589.***.***-06,23.0,2002-01-16,"trecho azevedo, 5",santa sofia,PA
Zoe Montenegro,796.***.***-59,50.0,1974-06-27,"distrito de da cruz, 76",independência,AC
Cecilia Da Mata,415.***.***-79,26.0,1998-07-31,"praça sales, 39",solimoes,SC
Eloá Marques,980.***.***-39,19.0,2006-05-10,"via da mata, 917",vila são dimas,RO
Ana Luiza Castro,123.***.***-90,58.0,1967-11-04,"vereda de almeida, 2",união,ES
Ana Vitória Rezende,513.***.***-25,52.0,1973-01-08,"travessa catarina moreira, 28",eymard,PE
Sabrina Montenegro,687.***.***-48,47.0,1978-10-07,núcleo garcia,barroca,SE
Evelyn Câmara,143.***.***-28,56.0,1968-09-18,esplanada porto,pedreira padro lopes,ES
Maria Eduarda Carvalho,648.***.***-01,25.0,1999-08-30,trecho de barbosa,braúnas,BA
Mathias Pastor,958.***.***-50,37.0,1987-07-27,"vereda de cirino, 29",conjunto capitão eduardo,AC
Otávio Guerra,475.***.***-07,29.0,1996-03-08,quadra pastor,vila real 1ª seção,MT
Vitor Cassiano,162.***.***-68,59.0,1966-01-02,rodovia de sales,andiroba,MT
Helena Nunes,385.***.***-05,51.0,1974-05-11,"alameda cirino, 63",sagrada família,PB
Ana Lívia Melo,263.***.***-30,56.0,1969-02-22,"estrada câmara, 10",vila madre gertrudes 3ª seção,RN
Bruno Nogueira,412.***.***-82,37.0,1988-08-08,"passarela manuella da conceição, 2",palmeiras,SE
Théo Oliveira,513.***.***-61,46.0,1979-03-12,colônia de da luz,leonina,AM
Murilo Ramos,672.***.***-21,36.0,1989-11-12,"lagoa de monteiro, 33",aparecida,TO
Maria Júlia Pires,519.***.***-43,32.0,1993-03-28,"vereda de carvalho, 118",cidade jardim,BA
Lunna Cunha,298.***.***-98,48.0,1976-09-17,"rodovia caldeira, 924",nova granada,AM
Gustavo Henrique Siqueira,276.***.***-03,53.0,1972-01-14,"fazenda de peixoto, 2",vera cruz,AL
Clarice Albuquerque,831.***.***-46,29.0,1996-02-05,"quadra da costa, 62",grota,AP
Emanuelly Rodrigues,153.***.***-71,59.0,1966-04-07,"setor de castro, 10",vila bandeirantes,SP
Sr. João Miguel Moraes,473.***.***-09,43.0,1982-01-07,"largo luiza vieira, 82",jardim do vale,RR
Helena Casa Grande,691.***.***-22,47.0,1978-06-07,"jardim julia pastor, 85",mirtes,PA
Breno Almeida,684.***.***-03,41.0,1984-04-02,"parque rodrigo carvalho, 407",conjunto santa maria,PE
Sr. Erick Gonçalves,982.***.***-82,29.0,1995-07-31,"recanto gabrielly cavalcante, 139",acaba mundo,RN
Sr. Heitor Garcia,598.***.***-23,57.0,1968-01-13,"recanto lopes, 69",etelvina carneiro,GO
Dr. Luiz Miguel Moreira,391.***.***-00,26.0,1999-09-04,avenida de marques,vila nova gameleira 2ª seção,CE
Valentina Marques,946.***.***-00,45.0,1979-07-15,"alameda thiago correia, 7",jaraguá,MA
José Cassiano,671.***.***-28,33.0,1991-08-26,"viela de da rocha, 2",das industrias i,SC
Dr. Gabriel Melo,069.***.***-48,55.0,1969-08-22,residencial de lima,comiteco,MG
João Miguel Porto,619.***.***-80,46.0,1978-07-24,"fazenda matheus nogueira, 22",leonina,PI
Igor Novaes,389.***.***-20,38.0,1987-05-08,"esplanada viana, 60",ademar maldonado,MG
Sr. João Vitor Mendonça,516.***.***-77,45.0,1980-10-07,"vila nascimento, 48",vila fumec,PI
Bruno Nascimento,907.***.***-80,33.0,1992-04-17,"sítio de andrade, 21",centro,TO
Alícia Fernandes,089.***.***-33,38.0,1987-03-29,"pátio da cunha, 750",minas caixa,BA
Danilo Garcia,938.***.***-05,24.0,2000-07-22,"condomínio benjamim da costa, 81",vila maloca,PA
Ayla Nogueira,493.***.***-16,39.0,1986-02-20,rodovia de gomes,jardim são josé,BA
Benicio Sales,205.***.***-49,46.0,1979-03-04,"residencial de da cruz, 3",biquinhas,RJ
Felipe Siqueira,273.***.***-74,37.0,1988-02-08,"área de moura, 85",vila paquetá,SE
Marina Vasconcelos,623.***.***-09,45.0,1979-07-31,"lago de peixoto, 10",nazare,SE
Sabrina Da Mata,946.***.***-01,57.0,1968-04-04,"estrada gomes, 40",vila batik,DF
Elisa Das Neves,402.***.***-53,35.0,1990-03-21,"trecho marques, 34",nova cintra,SP
Dr. Emanuel Ramos,695.***.***-28,29.0,1996-09-06,passarela de da rosa,paraíso,PA
Dr. Ian Costa,461.***.***-37,34.0,1991-01-27,"avenida de abreu, 212",nova america,MA
Dr. Bruno Camargo,176.***.***-66,41.0,1984-04-15,"alameda ryan peixoto, 7",nazare,ES
Thales Barbosa,219.***.***-02,51.0,1974-11-05,"núcleo davi lucas das neves, 43",cinquentenário,RS
Emanuel Teixeira,317.***.***-09,53.0,1972-03-10,"estação mariana caldeira, 773",apolonia,MG
Yasmin Oliveira,536.***.***-02,29.0,1995-09-29,"morro clarice da cruz, 2",vila batik,AM
Maria Eduarda Siqueira,948.***.***-51,19.0,2005-10-27,loteamento de barbosa,delta,RJ
Srta. Ana Clara Da Conceição,538.***.***-17,44.0,1980-09-30,"alameda calebe almeida, 84",embaúbas,RN
Vinicius Albuquerque,896.***.***-69,31.0,1993-11-17,"campo de cavalcante, 627",vila das oliveiras,CE
Ana Julia Cardoso,081.***.***-08,57.0,1968-11-03,"chácara helena leão, 538",jardim do vale,BA
Sr. Valentim Macedo,945.***.***-49,41.0,1983-05-18,"vila de lima, 33",são marcos,PE
Ana Cecília Teixeira,742.***.***-02,51.0,1974-02-20,"setor manuella melo, 38",goiania,MS
Laura Santos,508.***.***-77,30.0,1995-04-22,"área de da rosa, 15",dom silverio,MT
Alana Rios,835.***.***-60,39.0,1985-05-18,"área bernardo pastor, 1",ambrosina,PA
Breno Casa Grande,286.***.***-47,56.0,1968-09-29,"aeroporto breno machado, 1",glória,RN
Otávio Fernandes,076.***.***-02,42.0,1983-04-05,"alameda de costela, 63",rio branco,RS
Sra. Nina Pimenta,279.***.***-78,26.0,1998-05-26,"sítio de rocha, 47",atila de paiva,MS
Eloah Rodrigues,342.***.***-06,33.0,1992-12-11,trevo ferreira,vila piratininga venda nova,SP
Sr. Benjamim Barbosa,196.***.***-37,37.0,1988-03-18,"rua barbosa, 11",paquetá,SP
Breno Vargas,954.***.***-34,43.0,1982-02-21,"distrito da rosa, 85",delta,TO
Sr. Yago Pinto,514.***.***-42,41.0,1984-04-23,"jardim gomes, 2",vila sesc,AL
Lívia Siqueira,351.***.***-15,34.0,1991-02-11,"avenida juliana macedo, 3",engenho nogueira,SE
Raquel Guerra,690.***.***-48,23.0,2001-07-22,"pátio da cruz, 435",vila novo são lucas,SC
Valentim Da Paz,614.***.***-82,26.0,1998-07-21,"quadra de das neves, 77",alto barroca,PB
Luiz Miguel Camargo,469.***.***-10,56.0,1969-11-06,"quadra de rios, 961",vila santo antônio barroquinha,RR
Ana Luiza Da Rocha,637.***.***-77,57.0,1968-11-08,"condomínio oliveira, 237",dom joaquim,DF
Dra. Lavínia Leão,876.***.***-22,33.0,1991-06-29,"morro correia, 67",canadá,GO
Sr. Thales Da Costa,480.***.***-38,19.0,2006-04-13,"chácara de câmara, 71",vila são joão batista,RJ
Eloah Borges,169.***.***-06,59.0,1965-12-29,"travessa de costela, 376",santa inês,PA
Yasmin Campos,038.***.***-48,50.0,1974-11-27,"núcleo gomes, 13",paulo vi,PE
José Martins,564.***.***-05,30.0,1994-07-23,"área de campos, 5",estoril,PR
Marcelo Oliveira,215.***.***-85,49.0,1975-10-24,"colônia da mata, 7",olhos d'água,BA
Ana Laura Marques,841.***.***-20,51.0,1974-01-04,"feira arthur miguel pereira, 1",conjunto floramar,SE
Luana Fonseca,294.***.***-96,49.0,1976-10-01,"conjunto ana beatriz da cruz, 36",fazendinha,TO
André Mendonça,831.***.***-10,21.0,2004-03-14,"trecho juan souza, 7",tupi b,MS
Felipe Pimenta,295.***.***-37,58.0,1966-07-31,"travessa jade martins, 96",vila santa monica 1ª seção,TO
Renan Siqueira,610.***.***-07,28.0,1996-12-22,"chácara de das neves, 58",vila piratininga,RR
Matteo Peixoto,684.***.***-35,26.0,1999-10-06,"estrada moreira, 32",aparecida 7ª seção,ES
Sra. Stephany Teixeira,056.***.***-06,48.0,1977-08-10,"distrito macedo, 32",venda nova,AM
Julia Castro,693.***.***-57,30.0,1995-06-10,"feira melo, 1",vila havaí,MS
Ana Guerra,780.***.***-85,29.0,1996-04-13,"vale de vieira, 82",nossa senhora da aparecida,BA
Sr. Gustavo Henrique Da Mata,892.***.***-42,50.0,1974-12-18,"via mendes, 409",são jorge 1ª seção,PE
Manuella Da Luz,420.***.***-10,59.0,1966-04-06,núcleo bruno marques,cinquentenário,RN
Eduardo Machado,271.***.***-02,55.0,1970-03-28,"passarela larissa pimenta, 5",gutierrez,AC
Davi Lucca Aragão,829.***.***-60,28.0,1997-11-04,rua de barbosa,parque são josé,AM
Yuri Mendes,248.***.***-90,47.0,1977-05-21,"fazenda costa, 30",vila calafate,AP
Luigi Brito,702.***.***-85,22.0,2003-02-02,"loteamento monteiro, 21",bom jesus,MG
Ana Julia Barros,834.***.***-74,34.0,1991-12-09,"núcleo melina novaes, 77",jardim são josé,RS
Júlia Martins,432.***.***-19,54.0,1971-04-01,vale arthur santos,serra,RS
Srta. Ana Júlia Fernandes,218.***.***-19,32.0,1993-03-15,"morro da cunha, 4",maria goretti,SC
Ana Beatriz Farias,237.***.***-74,22.0,2002-08-28,"vale isaac fernandes, 94",novo são lucas,PI
Mariana Teixeira,493.***.***-92,60.0,1964-06-27,passarela freitas,cdi jatoba,ES
Ryan Borges,897.***.***-10,55.0,1970-04-04,"núcleo heloísa câmara, 66",jardim são josé,SE
Sr. Mathias Novaes,198.***.***-37,33.0,1991-10-20,"travessa mathias lopes, 3",marieta 2ª seção,MG
Vicente Câmara,345.***.***-35,58.0,1967-10-10,"viela francisco sampaio, 402",bernadete,MS
Lucas Sampaio,135.***.***-32,52.0,1973-04-04,"viela siqueira, 17",vila antena montanhês,MS
Dr. João Das Neves,371.***.***-79,49.0,1975-07-15,"quadra de dias, 53",cidade jardim,MG
Rhavi Barros,143.***.***-19,43.0,1982-03-26,"esplanada de pacheco, 46",novo são lucas,RS
Sra. Luiza Rezende,726.***.***-28,56.0,1969-07-04,"trecho nunes, 142",goiania,AP
Hellena Vasconcelos,592.***.***-34,48.0,1977-04-08,"travessa de pastor, 60",manacas,PE
Dom Abreu,369.***.***-09,39.0,1986-07-10,"área correia, 48",buraco quente,CE
Maysa Pereira,015.***.***-06,44.0,1980-09-21,"distrito daniel barros, 353",bacurau,BA
Danilo Garcia,830.***.***-05,53.0,1971-09-27,rodovia emanuelly lima,garças,MS
Marcos Vinicius Leão,096.***.***-22,46.0,1978-06-23,alameda fogaça,vila dos anjos,BA
Lara Cardoso,832.***.***-64,18.0,2007-03-06,rua pires,santa rita,PB
Caio Da Cunha,237.***.***-79,19.0,2006-07-09,"viaduto leandro da luz, 6",trevo,AC
Srta. Lívia Cavalcanti,253.***.***-99,43.0,1982-02-02,"praia lorenzo jesus, 21",vila nova dos milionarios,RO
Alice Abreu,031.***.***-50,44.0,1981-09-12,"avenida andrade, 395",castanheira,AC
Matheus Mendes,169.***.***-73,25.0,2000-11-02,"vereda isaque sousa, 2",parque são josé,SC
Caio Rodrigues,654.***.***-62,28.0,1996-10-20,"avenida renan caldeira, 4",grotinha,RO
Maria Júlia Siqueira,795.***.***-79,51.0,1974-07-10,fazenda rodrigo martins,primeiro de maio,SP
Srta. Valentina Garcia,792.***.***-14,22.0,2002-08-22,"trevo lorena borges, 51",vila sumaré,AM
Maria Eduarda Almeida,745.***.***-56,38.0,1987-12-12,estrada vasconcelos,carlos prates,SP
Marina Andrade,956.***.***-15,39.0,1985-09-19,"fazenda joão gabriel moreira, 20",vila paris,MT
Sr. Gael Nunes,479.***.***-04,27.0,1997-11-27,"colônia fonseca, 57",cidade jardim taquaril,RJ
Luísa Almeida,287.***.***-83,51.0,1973-05-21,praia de oliveira,primeiro de maio,TO
Juliana Da Rosa,158.***.***-48,35.0,1989-09-29,campo de fernandes,são paulo,AL
Sophia Da Rocha,250.***.***-14,42.0,1983-02-13,"trevo de da rosa, 80",são luiz,BA
Otávio Cardoso,028.***.***-67,30.0,1994-06-17,trecho ramos,vila satélite,PE
Isaque Gonçalves,650.***.***-07,31.0,1994-10-12,"vila de vasconcelos, 477",lorena,GO
Valentina Silva,640.***.***-26,28.0,1997-03-30,"passarela sophia vargas, 8",vila jardim alvorada,GO
Nicolas Rezende,692.***.***-55,51.0,1974-04-19,"avenida de rezende, 18",madri,DF
Eloá Caldeira,168.***.***-19,32.0,1992-12-19,"praia de fogaça, 83",outro,PA
Catarina Moreira,240.***.***-47,50.0,1975-02-22,"praia pereira, 79",camponesa 1ª seção,PA
Maria Flor Gonçalves,952.***.***-52,21.0,2003-10-31,"estrada fernandes, 74",madre gertrudes,MS
Ana Vitória Cardoso,568.***.***-40,54.0,1971-09-02,"esplanada pastor, 13",vale do jatoba,AC
Antony Macedo,807.***.***-21,21.0,2004-01-31,"estação eduardo leão, 56",minas brasil,BA
Eloah Moura,829.***.***-89,29.0,1996-10-13,"viaduto andrade, 104",fernão dias,RS
Mariane Freitas,379.***.***-55,60.0,1965-07-04,"vila gabriel câmara, 480",coqueiros,AP
Lavínia Sales,816.***.***-48,49.0,1976-02-09,"parque de sá, 119",coqueiros,TO
João Vitor Oliveira,179.***.***-30,46.0,1979-05-14,"avenida hellena freitas, 85",alto das antenas,RJ
Rebeca Gomes,786.***.***-03,25.0,1999-05-17,conjunto augusto pastor,mariano de abreu,MG
Gael Henrique Montenegro,762.***.***-30,40.0,1984-08-15,"passarela felipe da mota, 65",vila madre gertrudes 3ª seção,MT
Matheus Peixoto,027.***.***-52,51.0,1973-09-30,"conjunto ana júlia guerra, 155",prado,RO
Gabriela Azevedo,645.***.***-76,43.0,1982-11-13,"estrada de silva, 56",vila formosa,DF
Luara Sales,402.***.***-61,47.0,1977-07-19,"chácara de nascimento, 3",vila cloris,GO
Ana Carolina Machado,764.***.***-64,24.0,2001-10-01,"morro cardoso, 95",graça,BA
Raquel Rodrigues,064.***.***-75,35.0,1989-10-26,"colônia gonçalves, 20",lagoa,MA
Benjamim Campos,519.***.***-12,51.0,1974-08-01,"via carlos eduardo sá, 893",sion,AL
Maria Luiza Pires,084.***.***-78,37.0,1988-02-10,avenida de correia,savassi,AC
Maria Julia Farias,879.***.***-01,22.0,2002-10-22,"campo maria júlia cassiano, 58",santa margarida,TO
Josué Vargas,342.***.***-70,59.0,1966-08-03,"fazenda da conceição, 896",itaipu,CE
Sarah Dias,793.***.***-20,58.0,1967-05-08,praia de pacheco,vila são francisco,AP
Alícia Cardoso,743.***.***-28,23.0,2002-10-11,"chácara de da costa, 27",vila jardim montanhes,AC
Sr. Leandro Leão,087.***.***-67,36.0,1988-05-31,"colônia esther camargo, 38",vila jardim são josé,RS
Luiz Miguel Sá,153.***.***-00,33.0,1992-04-27,"lago sales, 26",mantiqueira,ES
Milena Da Luz,941.***.***-13,19.0,2006-11-14,"viela liz jesus, 71",novo das industrias,MG
Cecilia Pinto,590.***.***-50,60.0,1964-06-18,"esplanada de campos, 58",beija flor,SC
Murilo Carvalho,431.***.***-97,56.0,1969-06-12,"ladeira de campos, 80",conjunto são francisco de assis,RO
Bento Das Neves,906.***.***-00,47.0,1977-12-24,"favela marcela abreu, 10",lajedo,AL
Heloísa Araújo,021.***.***-69,20.0,2004-10-24,"estação renan albuquerque, 38",vila nova dos milionarios,PB
Dr. Rael Monteiro,962.***.***-70,26.0,1998-06-25,"pátio julia aparecida, 15",coração eucarístico,AC
Rael Da Paz,289.***.***-38,58.0,1966-10-22,"conjunto de costa, 37",ipe,CE
Marcela Teixeira,871.***.***-77,30.0,1994-05-16,"morro correia, 33",mangabeiras,PB
Srta. Nicole Cassiano,463.***.***-70,19.0,2006-02-18,"setor cirino, 52",conjunto califórnia i,MA
Ana Beatriz Brito,752.***.***-74,29.0,1995-05-30,"rodovia de aragão, 598",cidade jardim,PA
Kevin Rios,605.***.***-74,36.0,1989-02-09,"recanto da cunha, 77",vila calafate,PE
Henrique Da Mota,627.***.***-43,22.0,2003-12-03,sítio lima,vila maria,SC
Sr. Pedro Miguel Cavalcanti,753.***.***-23,29.0,1995-09-19,"viela de lopes, 37",são cristóvão,RN
Gael Sales,467.***.***-61,41.0,1984-04-26,"núcleo de jesus, 33",santa inês,AP
Anthony Da Luz,156.***.***-20,53.0,1972-05-14,"vila sophie da mota, 13",pongelupe,TO
Marcelo Rocha,163.***.***-01,22.0,2003-09-04,"condomínio de fogaça, 8",vila união,PR
Maria Luiza Caldeira,401.***.***-80,53.0,1972-06-03,"favela gael henrique aragão, 68",bacurau,AL
Vitória Camargo,056.***.***-02,18.0,2006-06-23,"conjunto de pacheco, 39",saudade,MS
Ravy Cassiano,194.***.***-60,21.0,2004-06-10,"área da cruz, 96",lajedo,PE
Pietra Farias,510.***.***-58,56.0,1969-01-10,"conjunto cardoso, 8",alípio de melo,PA
Noah Sá,034.***.***-04,47.0,1978-06-03,área moraes,vista alegre,RR
Ana Carolina Cavalcanti,098.***.***-32,24.0,2001-07-04,"viaduto campos, 74",caiçaras,RN
Stephany Machado,192.***.***-79,30.0,1995-01-22,"colônia mendonça, 98",vila vista alegre,ES
Luna Ramos,367.***.***-48,29.0,1996-01-17,"aeroporto de silveira, 95",xangri-lá,PB
Ágatha Ferreira,623.***.***-59,45.0,1980-01-21,"rua joão miguel correia, 69",vila rica,AM
Gabriel Rios,380.***.***-33,57.0,1968-08-14,loteamento alves,itatiaia,PA
Vicente Sampaio,619.***.***-99,18.0,2006-10-20,"vila allana azevedo, 64",santana do cafezal,CE
Emilly Cassiano,628.***.***-00,41.0,1983-06-30,"ladeira almeida, 11",glória,MA
Raquel Da Luz,387.***.***-77,60.0,1965-03-17,"favela fernando casa grande, 7",novo são lucas,SC
Marcelo Pereira,985.***.***-01,42.0,1982-10-18,chácara da rosa,guarani,BA
João Miguel Castro,860.***.***-70,36.0,1988-05-15,"loteamento ferreira, 9",vila boa vista,PR
Vinicius Martins,561.***.***-02,49.0,1976-02-27,"ladeira rodrigues, 76",santana do cafezal,MA
Dr. Luiz Miguel Guerra,807.***.***-30,60.0,1965-01-10,"jardim de costa, 4",carmo,PE
Lorena Da Costa,670.***.***-29,21.0,2004-05-07,"fazenda de moraes, 93",conjunto jardim filadélfia,SC
Rafaela Pastor,596.***.***-01,49.0,1975-08-21,"conjunto de fonseca, 631",álvaro camargos,PR
Laís Da Rosa,870.***.***-00,20.0,2004-10-21,"esplanada matheus lima, 34",paulo vi,AP
Cauê Abreu,187.***.***-48,58.0,1967-09-10,"praia vargas, 47",nossa senhora da aparecida,AL
Yasmin Ferreira,204.***.***-17,34.0,1991-07-13,"rua davi luiz moraes, 99",vila calafate,AM
Cecília Abreu,986.***.***-60,27.0,1998-03-31,"favela rocha, 79",conjunto lagoa,RJ
Bento Melo,876.***.***-02,26.0,1998-08-17,"rodovia de garcia, 76",mangueiras,MS
Sra. Gabriela Da Cruz,015.***.***-49,31.0,1994-04-08,"setor de ramos, 258",madri,SP
Srta. Maria Helena Cardoso,135.***.***-60,49.0,1975-09-16,"via pinto, 7",coração eucarístico,BA
Sr. Nathan Ramos,970.***.***-74,20.0,2005-09-13,"campo nicolas dias, 516",céu azul,PE
Isabelly Teixeira,051.***.***-77,51.0,1974-01-02,"morro andrade, 62",heliopolis,PE
Maitê Nunes,419.***.***-10,35.0,1990-02-22,"estação alícia sá, 74",caiçara - adelaide,AM
Alexia Da Conceição,027.***.***-31,49.0,1976-06-01,"esplanada aylla cirino, 3",santa monica,MS
Alexandre Camargo,940.***.***-32,49.0,1975-08-17,"favela oliveira, 97",são vicente,RO
Ryan Montenegro,812.***.***-00,40.0,1985-01-29,travessa de nogueira,braúnas,MG
Matheus Sá,859.***.***-02,44.0,1980-09-22,"loteamento de das neves, 530",vila santa monica 2ª seção,SC
Rafaela Lopes,357.***.***-53,38.0,1986-09-29,"lago borges, 8",anchieta,TO
Camila Rezende,914.***.***-40,56.0,1968-06-20,"favela fernandes, 241",colégio batista,PE
Sr. Juan Vieira,213.***.***-19,38.0,1987-02-08,"conjunto josé pedro novaes, 19",ventosa,PR
Isaac Nogueira,512.***.***-01,39.0,1986-04-19,"núcleo fonseca, 23",lourdes,BA
Amanda Farias,925.***.***-40,37.0,1988-02-05,"lagoa allana siqueira, 30",novo são lucas,MA
Marcos Vinicius Albuquerque,529.***.***-46,33.0,1992-03-05,"campo de silva, 3",flamengo,CE
Alexia Das Neves,638.***.***-74,52.0,1973-08-03,"sítio martins, 35",conjunto providencia,RN
Lara Nogueira,759.***.***-91,22.0,2003-01-11,"lago da luz, 724",maravilha,BA
Ana Rezende,154.***.***-52,31.0,1994-01-22,"favela ana sophia almeida, 2",beira linha,RN
Rafaela Lopes,609.***.***-78,23.0,2002-06-12,"campo de pires, 95",custodinha,RS
Ana Laura Freitas,596.***.***-61,57.0,1968-01-19,"recanto fernanda costela, 89",vila jardim alvorada,RJ
Gael Vasconcelos,495.***.***-94,32.0,1992-10-25,"recanto vasconcelos, 10",laranjeiras,AM
Dra. Hadassa Souza,103.***.***-25,60.0,1965-03-01,"chácara hadassa caldeira, 14",pirineus,MA
Bella Da Cunha,423.***.***-88,43.0,1982-05-09,"conjunto apollo vargas, 115",xangri-lá,AL
Luísa Fernandes,928.***.***-00,47.0,1978-10-09,"esplanada cunha, 41",madre gertrudes,MT
Luiz Henrique Albuquerque,671.***.***-93,49.0,1975-06-23,"ladeira henry barros, 2",garças,SP
Helena Mendes,189.***.***-01,23.0,2002-02-03,"recanto francisco gonçalves, 3",são francisco,RS
Daniela Montenegro,354.***.***-05,45.0,1980-01-21,"jardim aragão, 22",vila são dimas,DF
Ana Beatriz Costa,397.***.***-05,38.0,1987-05-10,"ladeira rodrigues, 25",vila independencia 1ª seção,SE
Alexia Da Conceição,379.***.***-31,20.0,2005-12-11,"viela cardoso, 5",das industrias i,PR
Sofia Jesus,149.***.***-70,25.0,2000-12-04,"conjunto almeida, 7",dom silverio,AM
Natália Da Cruz,089.***.***-11,60.0,1964-08-30,"estrada rios, 271",vila santo antônio,MG
Igor Macedo,180.***.***-06,58.0,1966-12-16,setor martins,são marcos,RR
Luan Rezende,092.***.***-60,53.0,1972-10-04,"distrito de carvalho, 351",nova esperança,PR
Sr. Danilo Cavalcante,058.***.***-05,39.0,1985-11-28,"parque aurora gomes, 35",alto caiçaras,SE
Lívia Rios,265.***.***-85,35.0,1989-11-25,"feira da mota, 28",fernão dias,ES
Gael Cassiano,906.***.***-40,23.0,2002-09-01,"viela costa, 45",são salvador,MT
Ana Laura Aragão,283.***.***-95,34.0,1991-04-20,"vila gomes, 400",vila aeroporto jaraguá,PR
Heloisa Cardoso,746.***.***-93,27.0,1998-02-16,"viela sousa, 84",santa amelia,RO
Joaquim Novais,246.***.***-22,52.0,1972-05-18,"vila eduarda moraes, 26",vila paquetá,GO
Natália Melo,035.***.***-00,29.0,1996-05-05,"rodovia de aparecida, 97",floresta,BA
Ana Luiza Souza,172.***.***-22,48.0,1977-07-02,"colônia luiz otávio azevedo, 54",nossa senhora da aparecida,RS
Laís Melo,690.***.***-07,26.0,1999-07-14,ladeira aragão,venda nova,PA
Raquel Rios,168.***.***-11,33.0,1992-07-09,"travessa freitas, 48",cdi jatoba,PA
Dr. Cauê Andrade,508.***.***-71,42.0,1982-11-16,"parque de da paz, 51",novo tupi,AP
Fernanda Nascimento,985.***.***-00,36.0,1989-01-22,"viaduto cunha, 91",itapoa,CE
Rafaela Das Neves,068.***.***-76,39.0,1986-10-04,travessa da luz,são sebastião,RS
Daniela Ramos,459.***.***-97,27.0,1997-06-30,"feira pietra andrade, 95",bacurau,MG
Antonella Pastor,290.***.***-00,28.0,1997-10-04,"jardim sophia brito, 6",vila união,PA
Sara Da Luz,352.***.***-32,39.0,1985-12-16,"passarela gael henrique carvalho, 540",alto das antenas,DF
Luana Jesus,765.***.***-12,20.0,2004-10-17,"lago porto, 13",heliopolis,AP
João Gabriel Alves,460.***.***-92,49.0,1976-11-11,"avenida fernando viana, 82",independência,ES
Lucca Aparecida,032.***.***-16,30.0,1995-02-17,"passarela pereira, 50",vila boa vista,GO
Manuela Da Paz,645.***.***-55,60.0,1965-10-09,área de costa,jardim dos comerciarios,MA
Nicolas Araújo,629.***.***-16,40.0,1985-04-11,"travessa pimenta, 3",são francisco das chagas,RR
Dra. Maria Laura Rezende,548.***.***-67,32.0,1993-10-10,"quadra nogueira, 95",aeroporto,PB
Bernardo Câmara,631.***.***-07,27.0,1998-01-18,"área de pereira, 298",santo agostinho,AL
Danilo Pimenta,951.***.***-20,35.0,1989-08-20,"esplanada de barbosa, 481",acaiaca,MA
Gael Lopes,630.***.***-25,45.0,1980-04-30,"lago duarte, 761",goiania,RO
Isabel Silveira,563.***.***-48,36.0,1988-10-23,"quadra andrade, 83",vila oeste,MS
Maria Eduarda Nascimento,749.***.***-52,54.0,1970-10-27,"estação arthur gabriel freitas, 742",flamengo,GO
Dom Da Paz,439.***.***-50,34.0,1990-11-28,"área lucas gomes, 94",conjunto jatoba,DF
Raquel Lima,129.***.***-37,50.0,1975-01-10,"área de brito, 515",universitário,GO
Ayla Pastor,351.***.***-61,60.0,1965-12-12,"lagoa heloisa gonçalves, 883",vitoria da conquista,PR
Vinicius Vasconcelos,432.***.***-97,45.0,1980-03-31,"conjunto de almeida, 708",solar do barreiro,GO
Thomas Nascimento,842.***.***-90,36.0,1989-02-07,"vereda isabelly guerra, 82",são joão,RJ
Benicio Ferreira,173.***.***-41,60.0,1965-09-01,"praça gabriela machado, 804",esplanada,DF
Daniela Silva,937.***.***-91,48.0,1977-05-01,"chácara mendes, 5",urca,AM
Levi Gonçalves,159.***.***-68,39.0,1986-12-01,"morro beatriz caldeira, 5",casa branca,MS
Eloá Pimenta,924.***.***-67,26.0,1999-03-02,"quadra pacheco, 62",alto dos pinheiros,AC
Sra. Agatha Pimenta,167.***.***-52,32.0,1993-02-06,favela sampaio,vila ecológica,DF
Cauã Rezende,463.***.***-31,50.0,1975-01-15,"trevo henry andrade, 1",providencia,BA
Olivia Macedo,726.***.***-87,23.0,2002-04-21,"setor peixoto, 408",são tomaz,PA
Cecília Mendes,129.***.***-98,31.0,1993-11-24,"pátio de vasconcelos, 81",milionario,MT
Fernando Da Paz,306.***.***-77,54.0,1971-09-13,"vereda cavalcanti, 37",vila minaslandia,RR
Maya Camargo,427.***.***-92,19.0,2006-02-13,"recanto pinto, 99",são gabriel,AP
Natália Ribeiro,482.***.***-20,21.0,2004-08-12,"pátio ana lívia câmara, 25",são pedro,MT
Igor Da Rosa,205.***.***-77,20.0,2004-05-23,"vereda de cardoso, 7",são gonçalo,SE
Marcos Vinicius Correia,362.***.***-08,18.0,2006-10-30,"jardim de da costa, 95",frei leopoldo,BA
Sr. João Miguel Peixoto,725.***.***-83,54.0,1971-03-21,"lagoa ian fernandes, 879",vila real 2ª seção,RS
Sr. Thomas Siqueira,845.***.***-89,38.0,1986-07-19,vale duarte,vila nova dos milionarios,RO
Mariah Cavalcante,086.***.***-83,28.0,1997-08-08,"vale de carvalho, 20",nova cintra,PB
Sr. Vitor Hugo Novais,904.***.***-57,23.0,2002-09-01,"praia cecília martins, 19",serrano,PB
Isabelly Moura,354.***.***-17,28.0,1996-09-26,"esplanada montenegro, 26",nossa senhora da aparecida,RS
Ana Laura Fernandes,637.***.***-75,45.0,1979-08-28,"travessa de guerra, 87",tiradentes,TO
Gabriel Borges,417.***.***-48,29.0,1996-02-11,"setor peixoto, 76",vera cruz,SP
Alexandre Rezende,425.***.***-25,52.0,1972-05-15,"morro arthur miguel moraes, 27",vila são geraldo,GO
Maria Alice Melo,428.***.***-92,30.0,1994-10-28,"via costela, 566",jaraguá,MS
Arthur Gabriel Cirino,940.***.***-05,53.0,1972-01-05,"avenida ravi casa grande, 6",marieta 1ª seção,MG
Sr. Gael Henrique Da Cruz,902.***.***-43,38.0,1987-11-08,"passarela machado, 132",vila cloris,PB
Pietra Machado,068.***.***-87,38.0,1986-05-16,"lago de pimenta, 91",frei leopoldo,AL
Lorenzo Castro,291.***.***-98,32.0,1993-02-27,"ladeira rodrigues, 25",buritis,MG
Srta. Joana Pimenta,807.***.***-14,21.0,2004-01-24,"condomínio davi castro, 2",novo santa cecilia,PI
Ana Luiza Brito,675.***.***-37,34.0,1990-05-17,núcleo gonçalves,nova esperança,DF
Luísa Martins,759.***.***-30,49.0,1975-09-16,"avenida das neves, 741",vila nova paraíso,GO
Nicolas Rios,039.***.***-70,26.0,1999-05-14,"distrito oliveira, 3",grajaú,TO
Thales Das Neves,638.***.***-75,58.0,1966-10-20,"parque de sales, 2",são luiz,AL
Benicio Teixeira,493.***.***-91,48.0,1977-12-14,"viaduto silva, 746",palmares,MT
Henrique Cunha,093.***.***-40,23.0,2002-01-02,"chácara isis sampaio, 765",são benedito,PE
João Vitor Alves,340.***.***-24,52.0,1973-12-13,"trecho sousa, 58",horto,BA
Natália Araújo,283.***.***-79,31.0,1993-05-24,"trecho joana cardoso, 1",são marcos,PE
Isabella Nogueira,364.***.***-28,40.0,1985-10-14,"travessa cavalcanti, 20",vista alegre,TO
Maria Vitória Da Luz,267.***.***-83,46.0,1978-07-20,"rua casa grande, 663",santo antônio,AL
Ana Liz Mendes,402.***.***-71,61.0,1964-08-02,"núcleo de sá, 12",ademar maldonado,AC
Marcelo Cavalcante,479.***.***-01,37.0,1988-04-05,"fazenda de cavalcante, 2",bandeirantes,AL
Camila Pires,175.***.***-49,50.0,1975-12-09,"pátio ribeiro, 74",novo glória,SE
Dr. Pedro Henrique Pimenta,401.***.***-66,27.0,1998-03-27,"vereda de brito, 7",trevo,RN
Davi Da Mota,537.***.***-83,24.0,2000-05-18,"vereda fernandes, 92",beija flor,PB
João Pedro Novais,013.***.***-16,49.0,1976-08-09,"praia pietra gomes, 22",vista do sol,PE
Dr. José Miguel Araújo,849.***.***-20,45.0,1980-10-05,"pátio da costa, 23",penha,AP
